Product Name,Product Brand,Product SpecValue,Product SpecMultiplier,Product SpecUnit,Product NameCleaned,Product NameComprehensive
Vita - Hi-Calcium Low Fat Milk Beverage 250ml x 6 x 4,VITA,250,6,ml,hicalcium low fat milk beverage,VITA Vita - Hi-Calcium Low Fat Milk Beverage 250ml x 6 x 4 250mlx6
Vita - Low Sugar Chocolate Milk Beverage 250ml x 6 x 4,VITA,250,6,ml,low sugar chocolate milk beverage,VITA Vita - Low Sugar Chocolate Milk Beverage 250ml x 6 x 4 250mlx6
NESCAFÉ - [原箱]雀巢香滑咖啡250mlX24 [Full Caes] Nescafe Coffee Regular 250mlX24 Beverage[Authentic product],NESCAFE,250,24,ml,nescaf    caes  coffee regular  beverageauthentic product,NESCAFE NESCAFÉ - [原箱]雀巢香滑咖啡250mlX24 [Full Caes] Nescafe Coffee Regular 250mlX24 Beverage[Authentic product] 250mlx24
Authentic Tea House - Authentic Tea House - Gyokuro Green Tea Beverage (No Sugar) Bottled - Full Case 500ml,AUTHENTIC TEA HOUSE,500,24,ml,gyokuro green tea beverage no sugar d,AUTHENTIC TEA HOUSE Authentic Tea House - Authentic Tea House - Gyokuro Green Tea Beverage (No Sugar) Bottled - Full Case 500ml 500mlx24
DUTCH LADY® - [原箱]子母原味牛奶飲品 Dutch Original Milk Beverage 225 mL×3 EXP:3months or above【original box】,DUTCH LADY,225,3,ml,dutch original milk beverage  expmonths or aboveoriginal box,DUTCH LADY DUTCH LADY® - [原箱]子母原味牛奶飲品 Dutch Original Milk Beverage 225 mL×3 EXP:3months or above【original box】 225mlx3
Authentic Tea House - Full case - Authentic Tea House - Yinhao Jasmine Green Tea Beverage Bottled-500ml Random Packaging,AUTHENTIC TEA HOUSE,500,24,ml,yinhao jasmine green tea beverage dml,AUTHENTIC TEA HOUSE Authentic Tea House - Full case - Authentic Tea House - Yinhao Jasmine Green Tea Beverage Bottled-500ml Random Packaging 500mlx24
Maison Perrier - CHIC Rosellini Mocktail Sparkling Beverage Can 250ml x 4,MAISON PERRIER,250,4,ml,chic rosellini mocktail sparkling beverage can,MAISON PERRIER Maison Perrier - CHIC Rosellini Mocktail Sparkling Beverage Can 250ml x 4 250mlx4
OATLY! - Oatly Barista Oat Beverage[Made in UK]- 1 Liter # Coffee # Healthy Parallel Import,OATLY!,1,1,l,oatly barista oat beveragemade in uk iter  coffee  healthy,OATLY! OATLY! - Oatly Barista Oat Beverage[Made in UK]- 1 Liter # Coffee # Healthy Parallel Import 1lx1
Nongfu Spring - Nongfu Spring Oriental Leaf Sugar-Free Oolong Tea  335ml×24 Bottles |  Tea Beverage Parallel Goods,NONGFU SPRING,335,24,ml,oriental leaf sugarfree oolong tea   s   tea beverage  goods,NONGFU SPRING Nongfu Spring - Nongfu Spring Oriental Leaf Sugar-Free Oolong Tea  335ml×24 Bottles |  Tea Beverage Parallel Goods 335mlx24
Maison Perrier - MAGNETIC JUICE Pineapple & Mango Sparkling Beverage Can 250ml x 4,MAISON PERRIER,250,4,ml,magnetic juice pineapple  mango sparkling beverage can  x,MAISON PERRIER Maison Perrier - MAGNETIC JUICE Pineapple & Mango Sparkling Beverage Can 250ml x 4 250mlx4
Authentic Tea House - Authentic Tea House-Dahongpao Oolong Tea Beverage - Full box (no sugar) (500ml ) x 24,AUTHENTIC TEA HOUSE,500,24,ml,dahongpao oolong tea beverage   box no sugar   x,AUTHENTIC TEA HOUSE Authentic Tea House - Authentic Tea House-Dahongpao Oolong Tea Beverage - Full box (no sugar) (500ml ) x 24 500mlx24
"Suntory - 【Full Case 24 Btls】IYEMON Kyoto Strong Green Tea 600ml (Japanese beverage, direct from Japan)",SUNTORY,600,24,ml,btlsiyemon kyoto strong green tea  japanese beverage direct from japan,"SUNTORY Suntory - 【Full Case 24 Btls】IYEMON Kyoto Strong Green Tea 600ml (Japanese beverage, direct from Japan) 600mlx24"
OATLY! - Oatly Barista Oat Beverage [Made in UK]- 2x1 Liter # Coffee # Healthy Parallel Import Random Packing,OATLY!,1,2,l,oatly barista oat beverage made in uk iter  coffee  healthy,OATLY! OATLY! - Oatly Barista Oat Beverage [Made in UK]- 2x1 Liter # Coffee # Healthy Parallel Import Random Packing 1lx2
OATLY! - Oatly Barista Oat Beverage【Made in UK】 -4 x 1 Liter #Coffee # Healthy Parallel Import Random Packing,OATLY!,1,4,l,oatly barista oat beveragemade in uk  x  liter   healthy,OATLY! OATLY! - Oatly Barista Oat Beverage【Made in UK】 -4 x 1 Liter #Coffee # Healthy Parallel Import Random Packing 1lx4
ITO EN - ITOEn Green Tea Strong Tea Fat Reduction Functional Beverage Beverage PET 2Lx6 bottles/box,ITO EN,2,6,l,itoen green tea strong tea fat reduction functional beverage beverage pet  sbox,ITO EN ITO EN - ITOEn Green Tea Strong Tea Fat Reduction Functional Beverage Beverage PET 2Lx6 bottles/box 2lx6
CR C'ESTBON - C'estbon - Full Case Dangshan Pear Fruit Beverage (450ml) x 15,CR C'ESTBON,450,15,ml,cestbon    dangshan pear fruit beverage  x,CR C'ESTBON CR C'ESTBON - C'estbon - Full Case Dangshan Pear Fruit Beverage (450ml) x 15 450mlx15
Maison Perrier - CHIC Lemonjito Mocktail Sparkling Beverage Can 250ml x 4,MAISON PERRIER,250,4,ml,chic lemonjito mocktail sparkling beverage can,MAISON PERRIER Maison Perrier - CHIC Lemonjito Mocktail Sparkling Beverage Can 250ml x 4 250mlx4
Wong Lo Kat - Herbal tea beverage (paper packaging) 24x250ml (original box) Summer thirst-quenching plant beverage,WONG LO KAT,250,24,ml,herbal tea beverage paper   original box summer thirstquenching plant beverage,WONG LO KAT Wong Lo Kat - Herbal tea beverage (paper packaging) 24x250ml (original box) Summer thirst-quenching plant beverage 250mlx24
Authentic Tea House - Full case - Taiwan Jing-Xuan Oolong Tea Beverage - Full Case 500ml,AUTHENTIC TEA HOUSE,500,24,ml,taiwan jingxuan oolong tea beverage,AUTHENTIC TEA HOUSE Authentic Tea House - Full case - Taiwan Jing-Xuan Oolong Tea Beverage - Full Case 500ml 500mlx24
SANLIN - Sanlin Original Zero Sugar Soda Water 0 Calorie - Full Case 24 x 335ml | Sparkling Beverage,SANLIN,335,24,ml,original zero sugar soda water  calorie     x   sparkling beverage,SANLIN SANLIN - Sanlin Original Zero Sugar Soda Water 0 Calorie - Full Case 24 x 335ml | Sparkling Beverage 335mlx24
Glico - Solid fruit beverage Food fiber does not use granulated almond milk 200ml×3 (parallel import) 48862,GLICO,200,3,ml,solid fruit beverage food fiber does not use granulated almond milk,GLICO Glico - Solid fruit beverage Food fiber does not use granulated almond milk 200ml×3 (parallel import) 48862 200mlx3
OATLY! - Oatly Coffee Oat Beverage -4x1 liters (pParallel import from the UK),OATLY!,1,4,l,oatly coffee oat beverage x liters p  from the uk,OATLY! OATLY! - Oatly Coffee Oat Beverage -4x1 liters (pParallel import from the UK) 1lx4
MONSTER - Monster Ultra Claw Energy Flavored Beverage (White Can) [Original Box] 24x355ml - Parallel Imported,MONSTER,355,24,ml,ultra claw energy flavored beverage white can original box    ed,MONSTER MONSTER - Monster Ultra Claw Energy Flavored Beverage (White Can) [Original Box] 24x355ml - Parallel Imported 355mlx24
Wong Lo Kat - Herbal tea beverage (paper packaging) 12x250ml-Summer thirst-quenching plant beverage,WONG LO KAT,250,12,ml,herbal tea beverage paper  summer thirstquenching plant beverage,WONG LO KAT Wong Lo Kat - Herbal tea beverage (paper packaging) 12x250ml-Summer thirst-quenching plant beverage 250mlx12
Maison Perrier - [Full Case] MAGNETIC JUICE Pineapple & Mango Sparkling Beverage Can 250ml x 24cans,MAISON PERRIER,250,24,ml,magnetic juice pineapple  mango sparkling beverage can  x cans,MAISON PERRIER Maison Perrier - [Full Case] MAGNETIC JUICE Pineapple & Mango Sparkling Beverage Can 250ml x 24cans 250mlx24
Maison Perrier - FOREVER COLLECTION  Raspberry & Rose Sparkling Water Beverage Glass Bottle 33cl x 4,MAISON PERRIER,330,4,ml,forever collection  raspberry  rose sparkling water beverage glass  cl x,MAISON PERRIER Maison Perrier - FOREVER COLLECTION  Raspberry & Rose Sparkling Water Beverage Glass Bottle 33cl x 4 330mlx4
Maison Perrier - FOREVER COLLECTION Lime & Ginger Sparkling Water Beverage Glass Bottle 33cl x 4,MAISON PERRIER,330,4,ml,forever collection lime  ginger sparkling water beverage glass  cl x,MAISON PERRIER Maison Perrier - FOREVER COLLECTION Lime & Ginger Sparkling Water Beverage Glass Bottle 33cl x 4 330mlx4
"Suntory - 【Full Case 6 Btls】IYEMON Kyoto Green Tea 2L (Japanese Beverage, Direct from Japan, Parallel Import)",SUNTORY,2,6,l,btlsiyemon kyoto green tea  japanese beverage direct from japan,"SUNTORY Suntory - 【Full Case 6 Btls】IYEMON Kyoto Green Tea 2L (Japanese Beverage, Direct from Japan, Parallel Import) 2lx6"
CHI FOREST - CHI Forest Refreshing Green Bean Water (Plant-Based Beverage) [Original Box] 15 x 500 ml,CHI FOREST,500,15,ml,refreshing green bean water plantbased beverage original box  x,CHI FOREST CHI FOREST - CHI Forest Refreshing Green Bean Water (Plant-Based Beverage) [Original Box] 15 x 500 ml 500mlx15
Authentic Tea House - Authentic Tea House - Gyokuro Green Tea Beverage (No Sugar)(Bottle) - 1x500ml,AUTHENTIC TEA HOUSE,500,6,ml,gyokuro green tea beverage no sugar  xml,AUTHENTIC TEA HOUSE Authentic Tea House - Authentic Tea House - Gyokuro Green Tea Beverage (No Sugar)(Bottle) - 1x500ml 500mlx6
"Suntory - 【Full Case 6 Btls】IYEMON Kyoto Strong Green Tea 2L (Japanese beverage, Parallel Import)BBD2027/01/31",SUNTORY,2,6,l,btlsiyemon kyoto strong green tea  japanese beverage  bbd,"SUNTORY Suntory - 【Full Case 6 Btls】IYEMON Kyoto Strong Green Tea 2L (Japanese beverage, Parallel Import)BBD2027/01/31 2lx6"
Maison Perrier - FOREVER COLLECTION Citrus & Cherry Blossom Sparkling Water Beverage Glass Bottle 33c x 4,MAISON PERRIER,330,4,ml,forever collection citrus  cherry blossom sparkling water beverage glass  c x,MAISON PERRIER Maison Perrier - FOREVER COLLECTION Citrus & Cherry Blossom Sparkling Water Beverage Glass Bottle 33c x 4 330mlx4
"Suntory - 【Full Case 24 Btls】IYEMON Kyoto Honey Lemon Tea 600ml (Japanese beverage, direct from Japan)",SUNTORY,525,24,ml,btlsiyemon kyoto honey lemon tea  japanese beverage direct from japan,"SUNTORY Suntory - 【Full Case 24 Btls】IYEMON Kyoto Honey Lemon Tea 600ml (Japanese beverage, direct from Japan) 525mlx24"
"SANGARIA - 【Full Case】 Zero Sugar Oolong Tea 500ml (24 Bottles) (Japanese Beverage, Parallel Import)BBD2027/01",SANGARIA,500,24,ml,zero sugar oolong tea   s japanese beverage  bbd,"SANGARIA SANGARIA - 【Full Case】 Zero Sugar Oolong Tea 500ml (24 Bottles) (Japanese Beverage, Parallel Import)BBD2027/01 500mlx24"
San Pellegrino - 原箱 意大利San Pellegrino聖沛黎洛Pompelmo西柚有汽水 原箱(罐裝-24x330ml)Sparkling Beverages Pompelmo (Grapefruit),SAN PELLEGRINO,330,24,ml,pompelmo sparkling beverages pompelmo grapefruit,SAN PELLEGRINO San Pellegrino - 原箱 意大利San Pellegrino聖沛黎洛Pompelmo西柚有汽水 原箱(罐裝-24x330ml)Sparkling Beverages Pompelmo (Grapefruit) 330mlx24
Nongfu Spring - Nongfu Spring Oriental Leaf Sugar-Free Oolong Tea 900ml×12 Bottles | Large Bottle Tea Beverage,NONGFU SPRING,900,12,ml,oriental leaf sugarfree oolong tea  s  large  tea beverage,NONGFU SPRING Nongfu Spring - Nongfu Spring Oriental Leaf Sugar-Free Oolong Tea 900ml×12 Bottles | Large Bottle Tea Beverage 900mlx12
OATLY! - Oatly Coffee Oat Beverage -2x1 liters (Parallel import from the UK),OATLY!,1,2,l,oatly coffee oat beverage x liters   from the uk,OATLY! OATLY! - Oatly Coffee Oat Beverage -2x1 liters (Parallel import from the UK) 1lx2
Nongfu Spring - Nongfu Spring Oriental Leaf Sugar-Free Oolong Tea  335ml×6 Bottles |  Tea Beverage,NONGFU SPRING,335,6,ml,oriental leaf sugarfree oolong tea   s   tea beverage,NONGFU SPRING Nongfu Spring - Nongfu Spring Oriental Leaf Sugar-Free Oolong Tea  335ml×6 Bottles |  Tea Beverage 335mlx6
Maison Perrier - [Full Case] CHIC Lemonjito Mocktail Sparkling Beverage Can 250ml x 24,MAISON PERRIER,250,24,ml,chic lemonjito mocktail sparkling beverage can,MAISON PERRIER Maison Perrier - [Full Case] CHIC Lemonjito Mocktail Sparkling Beverage Can 250ml x 24 250mlx24
OATLY! - Oatly Barista Oat Beverage【Made in UK】-3 x 1 Liter # Coffee # Healthy Parallel Import Random Packing,OATLY!,1,3,l,oatly barista oat beveragemade in uk x  liter  coffee  healthy,OATLY! OATLY! - Oatly Barista Oat Beverage【Made in UK】-3 x 1 Liter # Coffee # Healthy Parallel Import Random Packing 1lx3
Maison Perrier - [FULL CASE] CHIC Rosellini Mocktail Sparkling Beverage Can 250ml x24 cans,MAISON PERRIER,250,24,ml,chic rosellini mocktail sparkling beverage can  x cans,MAISON PERRIER Maison Perrier - [FULL CASE] CHIC Rosellini Mocktail Sparkling Beverage Can 250ml x24 cans 250mlx24
"Suntory - 【Full Case 24 Btls】CRAFT BOSS Fresh Milk Tea 500ml (Japanese Beverage, Parallel Import)",SUNTORY,500,24,ml,btlscraft boss fresh milk tea  japanese beverage,"SUNTORY Suntory - 【Full Case 24 Btls】CRAFT BOSS Fresh Milk Tea 500ml (Japanese Beverage, Parallel Import) 500mlx24"
"Member's Mark - Sam's Club Authentic Oatly Low GI Oat Milk 250mL X18 Bottles Sam's Supermarket Beverages, Grains, Pl",MEMBER'S MARK,250,18,ml,sams club authentic oatly low gi oat milk  x s sams supermarket beverages grains pl,"MEMBER'S MARK Member's Mark - Sam's Club Authentic Oatly Low GI Oat Milk 250mL X18 Bottles Sam's Supermarket Beverages, Grains, Pl 250mlx18"
Member's Mark - Sam's Club Genuine Olive & Mandarin Orange Juice Tea 230mL x 20 Bottles - Refreshing Summer Beverage,MEMBER'S MARK,230,20,ml,sams club genuine olive  mandarin orange juice tea  x  s  refreshing summer beverage,MEMBER'S MARK Member's Mark - Sam's Club Genuine Olive & Mandarin Orange Juice Tea 230mL x 20 Bottles - Refreshing Summer Beverage 230mlx20
Glico - glico Beverage Food Fiber Almond Milk 200ml×3 (parallel import),GLICO,200,3,ml,beverage food fiber almond milk,GLICO Glico - glico Beverage Food Fiber Almond Milk 200ml×3 (parallel import) 200mlx3
Authentic Tea House - Authentic Tea House - Gyokuro Green Tea Beverage (No Sugar)(Bottle) - Full Case 24x500ml,AUTHENTIC TEA HOUSE,500,24,ml,gyokuro green tea beverage no sugar,AUTHENTIC TEA HOUSE Authentic Tea House - Authentic Tea House - Gyokuro Green Tea Beverage (No Sugar)(Bottle) - Full Case 24x500ml 500mlx24
Vita - Vita - Full Case Hi-Calcium Low Fat Milk Beverage (250ml x 6 ) x 4,VITA,250,6,ml,hicalcium low fat milk beverage   x,VITA Vita - Vita - Full Case Hi-Calcium Low Fat Milk Beverage (250ml x 6 ) x 4 250mlx6
Authentic Tea House - 原箱 淳茶舍烏龍茶飲料(無糖) 紙包裝 原箱(24x250ml)#8003822 Oolong Tea Beverage (No Sugar)#新舊包裝隨機發貨,AUTHENTIC TEA HOUSE,250,24,ml,oolong tea beverage no sugar,AUTHENTIC TEA HOUSE Authentic Tea House - 原箱 淳茶舍烏龍茶飲料(無糖) 紙包裝 原箱(24x250ml)#8003822 Oolong Tea Beverage (No Sugar)#新舊包裝隨機發貨 250mlx24
"CHI FOREST - CHI FOREST Loquat and Pear Drink, Plant-Based Beverage, 500ml x 15 bottles |Parallel Import",CHI FOREST,500,15,ml,loquat and pear drink plantbased beverage  x  s,"CHI FOREST CHI FOREST - CHI FOREST Loquat and Pear Drink, Plant-Based Beverage, 500ml x 15 bottles |Parallel Import 500mlx15"
POCARI SWEAT - Baokuangli Water Special Electrolyte Supplement Beverage (Canned) - Original Box 24x330ml,POCARI SWEAT,330,24,ml,baokuangli water special electrolyte supplement beverage canned  original box,POCARI SWEAT POCARI SWEAT - Baokuangli Water Special Electrolyte Supplement Beverage (Canned) - Original Box 24x330ml 330mlx24
MORIYAMA - MORIYAMA  Tea Shop Taste Royal Milk Tea Beverage 1000g  parallel imported,MORIYAMA,1000,1,g,tea shop taste royal milk tea beverage    ed,MORIYAMA MORIYAMA - MORIYAMA  Tea Shop Taste Royal Milk Tea Beverage 1000g  parallel imported 1000gx1
Member's Mark - Sam's Club Authentic Lemon Juice 300ml X6 Bottled Sam's Purchase Lemon Juice Beverage,MEMBER'S MARK,300,6,ml,sams club authentic lemon juice  d sams purchase lemon juice beverage,MEMBER'S MARK Member's Mark - Sam's Club Authentic Lemon Juice 300ml X6 Bottled Sam's Purchase Lemon Juice Beverage 300mlx6
Member's Mark - Sam's Club Authentic Barley Jasmine Bubble Juice Tea 310mLX15 Can Sam's Supermarket Tea Beverage,MEMBER'S MARK,310,15,ml,sams club authentic barley jasmine bubble juice tea  can sams supermarket tea beverage,MEMBER'S MARK Member's Mark - Sam's Club Authentic Barley Jasmine Bubble Juice Tea 310mLX15 Can Sam's Supermarket Tea Beverage 310mlx15
Glico - Glico Beverage Almond Milk Latte Sugar-free 200mIx3(Parallel Import),GLICO,200,3,mi,beverage almond milk latte sugarfree,GLICO Glico - Glico Beverage Almond Milk Latte Sugar-free 200mIx3(Parallel Import) 200mix3
Authentic Tea House - Authentic Tea House - Gyokuro Green Tea Beverage (No Sugar)(Bottle) - 1x500ml,AUTHENTIC TEA HOUSE,500,1,ml,gyokuro green tea beverage no sugar  x,AUTHENTIC TEA HOUSE Authentic Tea House - Authentic Tea House - Gyokuro Green Tea Beverage (No Sugar)(Bottle) - 1x500ml 500mlx1
Member's Mark - Sam's Club Authentic Lemon Juice 300ml X2 Bottled Sam's Purchase Lemon Juice Beverage,MEMBER'S MARK,300,2,ml,sams club authentic lemon juice  d sams purchase lemon juice beverage,MEMBER'S MARK Member's Mark - Sam's Club Authentic Lemon Juice 300ml X2 Bottled Sam's Purchase Lemon Juice Beverage 300mlx2
"Suntory - 【Full Case 24 Btls】GREEN DA.KA.RA Mild Barley Tea 680ml (Japanese beverage, direct from Japan)",SUNTORY,680,24,ml,btlsgreen dakara mild barley tea  japanese beverage direct from japan,"SUNTORY Suntory - 【Full Case 24 Btls】GREEN DA.KA.RA Mild Barley Tea 680ml (Japanese beverage, direct from Japan) 680mlx24"
"Suntory - 【Full Case 24 Btls】IYEMON Kyoto Green Tea 600ml (Japanese beverage, direct from Japan)BBD2026/09/30",SUNTORY,600,24,ml,btlsiyemon kyoto green tea  japanese beverage direct from japanbbd,"SUNTORY Suntory - 【Full Case 24 Btls】IYEMON Kyoto Green Tea 600ml (Japanese beverage, direct from Japan)BBD2026/09/30 600mlx24"
"Suntory - 【Full Case 6 Btls】IYEMON Kyoto Green Tea 2L (Japanese Beverage, Parallel Import,New and old Package)",SUNTORY,2,6,l,btlsiyemon kyoto green tea  japanese beverage  new and old package,"SUNTORY Suntory - 【Full Case 6 Btls】IYEMON Kyoto Green Tea 2L (Japanese Beverage, Parallel Import,New and old Package) 2lx6"
Vita - Vita - Full Case low Sugar Chocolate Milk Beverage (250ml x 6 ) x 4,VITA,250,6,ml,low sugar chocolate milk beverage   x,VITA Vita - Vita - Full Case low Sugar Chocolate Milk Beverage (250ml x 6 ) x 4 250mlx6
Nongfu Spring - Nongfu Spring Oriental Leaf Sugar-Free Oolong Tea 900ml×4 Bottles | Large Bottle Tea Beverage,NONGFU SPRING,900,4,ml,oriental leaf sugarfree oolong tea  s  large  tea beverage,NONGFU SPRING Nongfu Spring - Nongfu Spring Oriental Leaf Sugar-Free Oolong Tea 900ml×4 Bottles | Large Bottle Tea Beverage 900mlx4
OATLY! - Oatly Coffee Oat Beverage -3x1 liters (Parallel import from the UK),OATLY!,1,3,ml,oatly coffee oat beverage x liters   from the uk,OATLY! OATLY! - Oatly Coffee Oat Beverage -3x1 liters (Parallel import from the UK) 1mlx3
可口可樂 - Coca Cola Soda [High canned 330ml * 6 cans] Classic carbonated beverage Modern can,COCA COLA,330,6,ml,soda high canned    cans classic carbonated beverage modern can,COCA COLA 可口可樂 - Coca Cola Soda [High canned 330ml * 6 cans] Classic carbonated beverage Modern can 330mlx6
CHI FOREST - Alien Electrolyte Water - Vitamin 0 Sugar Beverage - Lime Flavor [1 Bottle]600ml,CHI FOREST,600,1,ml,alien electrolyte water  vitamin  sugar beverage  lime flavor,CHI FOREST CHI FOREST - Alien Electrolyte Water - Vitamin 0 Sugar Beverage - Lime Flavor [1 Bottle]600ml 600mlx1
POCARI SWEAT - Baokuangli Water Special Electrolyte Supplement Beverage (Canned) - 6x330ml,POCARI SWEAT,330,6,ml,baokuangli water special electrolyte supplement beverage canned,POCARI SWEAT POCARI SWEAT - Baokuangli Water Special Electrolyte Supplement Beverage (Canned) - 6x330ml 330mlx6
"Pepsi - Pepsi 330ml * 12 bottles in a full box, large bottles of soda, classic flavored beverage, carbonated",PEPSI,330,12,ml,s in a  box large s of soda classic flavored beverage carbonated,"PEPSI Pepsi - Pepsi 330ml * 12 bottles in a full box, large bottles of soda, classic flavored beverage, carbonated 330mlx12"
"LIXIAOAI - Store Manager's Top Recommendation: Li Xiaoei Little Lime Juice 300ml x 6 Bottles, Trendy Beverage -",LIXIAOAI,300,6,ml,store managers top recommendation li xiaoei little lime juice  s trendy beverage,"LIXIAOAI LIXIAOAI - Store Manager's Top Recommendation: Li Xiaoei Little Lime Juice 300ml x 6 Bottles, Trendy Beverage - 300mlx6"
Member's Mark - Sam's Club Authentic Nongfu Spring Oriental Leaf Green Citrus Pu'er Compound Tea Beverage 400mLX24 B,MEMBER'S MARK,400,24,ml,sams club authentic nongfu spring oriental leaf green citrus puer compound tea beverage  b,MEMBER'S MARK Member's Mark - Sam's Club Authentic Nongfu Spring Oriental Leaf Green Citrus Pu'er Compound Tea Beverage 400mLX24 B 400mlx24
"Suntory - 【Full Case 6 Btls】Oolong Tea 2L (Japanese Beverage, Parallel Import)BBD026/11/30",SUNTORY,2,6,l,btlsoolong tea  japanese beverage  bbd,"SUNTORY Suntory - 【Full Case 6 Btls】Oolong Tea 2L (Japanese Beverage, Parallel Import)BBD026/11/30 2lx6"
Ultra-High Vitamin C Freeze-Dried Cili Fruit 200g | Office Brewing Beverage | Healthy Snack,ULTRA,200,1,g,high vitamin c freezedried cili fruit   office brewing beverage  healthy snack,ULTRA Ultra-High Vitamin C Freeze-Dried Cili Fruit 200g | Office Brewing Beverage | Healthy Snack 200gx1
Member's Mark - Sam's Club Authentic Barley Jasmine Bubble Juice Tea 310mLX15 Can Sam's Supermarket Tea Beverage,MEMBER'S MARK,310,15,ml,sams club authentic barley jasmine bubble juice tea  can sams supermarket tea beverage,MEMBER'S MARK Member's Mark - Sam's Club Authentic Barley Jasmine Bubble Juice Tea 310mLX15 Can Sam's Supermarket Tea Beverage 310mlx15
Member's Mark - Sam's Club Authentic Barley Jasmine Bubble Juice Tea 310mLX15 Can Sam's Supermarket Tea Beverage,MEMBER'S MARK,310,15,ml,sams club authentic barley jasmine bubble juice tea  can sams supermarket tea beverage,MEMBER'S MARK Member's Mark - Sam's Club Authentic Barley Jasmine Bubble Juice Tea 310mLX15 Can Sam's Supermarket Tea Beverage 310mlx15
Shipped from Mainland - Sam's Supermarket Proxy Purchase: Itoen Barley Seedling Flavor Beverage 350g*12,SHIPPED FROM MAINLAND,350,12,g,sams supermarket proxy purchase itoen barley seedling flavor beverage,SHIPPED FROM MAINLAND Shipped from Mainland - Sam's Supermarket Proxy Purchase: Itoen Barley Seedling Flavor Beverage 350g*12 350gx12
Member's Mark - Sam's Club Authentic Lemon Juice 300ml X8 Bottled Sam's Purchase Lemon Juice Beverage,MEMBER'S MARK,300,8,ml,sams club authentic lemon juice  d sams purchase lemon juice beverage,MEMBER'S MARK Member's Mark - Sam's Club Authentic Lemon Juice 300ml X8 Bottled Sam's Purchase Lemon Juice Beverage 300mlx8
Member's Mark - Sam's Club Authentic Lemon Juice 300ml X7 Bottled Sam's Purchase Lemon Juice Beverage,MEMBER'S MARK,300,7,ml,sams club authentic lemon juice  d sams purchase lemon juice beverage,MEMBER'S MARK Member's Mark - Sam's Club Authentic Lemon Juice 300ml X7 Bottled Sam's Purchase Lemon Juice Beverage 300mlx7
Member's Mark - Sam's Club Authentic Lemon Juice 300ml X7 Bottled Sam's Purchase Lemon Juice Beverage,MEMBER'S MARK,300,7,ml,sams club authentic lemon juice  d sams purchase lemon juice beverage,MEMBER'S MARK Member's Mark - Sam's Club Authentic Lemon Juice 300ml X7 Bottled Sam's Purchase Lemon Juice Beverage 300mlx7
Teisseire - Caramel Sauce｜lused on desserts and beverages｜Made in France,TEISSEIRE,1,1,l,caramel saucelused on desserts and beveragesmade in france,TEISSEIRE Teisseire - Caramel Sauce｜lused on desserts and beverages｜Made in France 1lx1
MORIYAMA - MORIYAMA  Tea Shop Taste Royal Milk Tea Beverage 1000g X6 parallel imported,MORIYAMA,1000,6,g,tea shop taste royal milk tea beverage  x  ed,MORIYAMA MORIYAMA - MORIYAMA  Tea Shop Taste Royal Milk Tea Beverage 1000g X6 parallel imported 1000gx6
"SANGARIA - 【Full Case 24 Btls】 Zero Sugar Rich Green Tea 500ml (Japanese Beverage, Parallel Import)BD2027/02/28",SANGARIA,500,24,ml,btls zero sugar rich green tea  japanese beverage  bd,"SANGARIA SANGARIA - 【Full Case 24 Btls】 Zero Sugar Rich Green Tea 500ml (Japanese Beverage, Parallel Import)BD2027/02/28 500mlx24"
"SANGARIA - 【Full Case 24 Btls】 Zero Sugar Green Tea 500ml (Japanese Beverage, Parallel Import)BBD2027/02/28",SANGARIA,500,24,ml,btls zero sugar green tea  japanese beverage  bbd,"SANGARIA SANGARIA - 【Full Case 24 Btls】 Zero Sugar Green Tea 500ml (Japanese Beverage, Parallel Import)BBD2027/02/28 500mlx24"
Member's Mark - Sam's Club Authentic Thai Imported Coconut Beverage 310mLX24 Can Sam's Supermarket Purchasing Bevera,MEMBER'S MARK,310,24,ml,sams club authentic thai ed coconut beverage  can sams supermarket purchasing bevera,MEMBER'S MARK Member's Mark - Sam's Club Authentic Thai Imported Coconut Beverage 310mLX24 Can Sam's Supermarket Purchasing Bevera 310mlx24
Member's Mark - Sam's Club Authentic Heytea Kale Green Melon Compound Fruit and Vegetable Beverage 330mLX12 Bottles,MEMBER'S MARK,330,12,ml,sams club authentic heytea kale green melon compound fruit and vegetable beverage  s,MEMBER'S MARK Member's Mark - Sam's Club Authentic Heytea Kale Green Melon Compound Fruit and Vegetable Beverage 330mLX12 Bottles 330mlx12
Member's Mark - Sam's Club Authentic Heytea Kale Green Melon Compound Fruit and Vegetable Beverage 330mLX12 Bottles,MEMBER'S MARK,330,12,ml,sams club authentic heytea kale green melon compound fruit and vegetable beverage  s,MEMBER'S MARK Member's Mark - Sam's Club Authentic Heytea Kale Green Melon Compound Fruit and Vegetable Beverage 330mLX12 Bottles 330mlx12
Member's Mark - Sam's Club Authentic Unified Radiance Nut Milk Plant Protein Beverage 250mL x18 Box,MEMBER'S MARK,250,18,ml,sams club authentic unified radiance nut milk plant protein beverage  box,MEMBER'S MARK Member's Mark - Sam's Club Authentic Unified Radiance Nut Milk Plant Protein Beverage 250mL x18 Box 250mlx18
Member's Mark - Sam's Club Authentic Lemon Juice 300ml X9 Bottled Sam's Purchase Lemon Juice Beverage,MEMBER'S MARK,300,9,ml,sams club authentic lemon juice  d sams purchase lemon juice beverage,MEMBER'S MARK Member's Mark - Sam's Club Authentic Lemon Juice 300ml X9 Bottled Sam's Purchase Lemon Juice Beverage 300mlx9
Glico - Glico Beverage Almond Milk Latte Sugar-free 200mIx24 (Parallel Import),GLICO,200,24,mi,beverage almond milk latte sugarfree,GLICO Glico - Glico Beverage Almond Milk Latte Sugar-free 200mIx24 (Parallel Import) 200mix24
Member's Mark - Sam's Club Authentic Jiaguoyuan 100% NFC Orange Juice 200mL x 25 Boxes Sam's Purchasing Beverage,MEMBER'S MARK,200,25,ml,sams club authentic jiaguoyuan  nfc orange juice  boxes sams purchasing beverage,MEMBER'S MARK Member's Mark - Sam's Club Authentic Jiaguoyuan 100% NFC Orange Juice 200mL x 25 Boxes Sam's Purchasing Beverage 200mlx25
Member's Mark - Sam's Club Authentic Lemon Juice 300ml X16 Bottled Sam's Purchase Lemon Juice Beverage,MEMBER'S MARK,300,16,ml,sams club authentic lemon juice  d sams purchase lemon juice beverage,MEMBER'S MARK Member's Mark - Sam's Club Authentic Lemon Juice 300ml X16 Bottled Sam's Purchase Lemon Juice Beverage 300mlx16
Member's Mark - Sam's Club Authentic Protein Powder Solid Beverage 800g High Calcium Amino Acid Nutritional Protein,MEMBER'S MARK,800,1,g,sams club authentic protein powder solid beverage  high calcium amino acid nutritional protein,MEMBER'S MARK Member's Mark - Sam's Club Authentic Protein Powder Solid Beverage 800g High Calcium Amino Acid Nutritional Protein 800gx1
SANGARIA - [Japan Made]-Oolong Tea Sugarless Canned - Full Case 340ml,SANGARIA,340,24,ml,japan madeoolong tea sugarless canned,SANGARIA SANGARIA - [Japan Made]-Oolong Tea Sugarless Canned - Full Case 340ml 340mlx24
SANKO - Japan Sanko fabo Premium Sugarless Black Coffee Bottle Can – Full Case 275gm / Parallel Imported,SANKO,275,24,g,japan  fabo premium sugarless black coffee  can    gm   ed,SANKO SANKO - Japan Sanko fabo Premium Sugarless Black Coffee Bottle Can – Full Case 275gm / Parallel Imported 275gx24
Lucozade - Full Case - Lucozade Energy Drink-Original Flavour (325ml x 4) x 6,LUCOZADE,325,4,ml,energy drinkoriginal flavour  x,LUCOZADE Lucozade - Full Case - Lucozade Energy Drink-Original Flavour (325ml x 4) x 6 325mlx4
Suntory - Suntory – Full Case BOSS Coffee Black (250ml ) x 24,SUNTORY,250,24,ml,boss coffee black   x,SUNTORY Suntory - Suntory – Full Case BOSS Coffee Black (250ml ) x 24 250mlx24
Schweppes - Schweppes - Full Case Soda Water (410ml) x 24,SCHWEPPES,410,24,ml,soda water  x,SCHWEPPES Schweppes - Schweppes - Full Case Soda Water (410ml) x 24 410mlx24
Vita - Low Sugar Lemon Tea 250ml x 6 x 4 (Random delivery of old and new packings),VITA,250,6,ml,low sugar lemon tea    of old and new s,VITA Vita - Low Sugar Lemon Tea 250ml x 6 x 4 (Random delivery of old and new packings) 250mlx6
OATLY! - OAT DRINK BARISTA EDITION x 4,OATLY!,1,4,l,oat drink barista edition x,OATLY! OATLY! - OAT DRINK BARISTA EDITION x 4 1lx4
Fontana - [Full Case] 100% Pineapple Juice - 1L x 12,FONTANA,1,12,l,pineapple juice   x,FONTANA Fontana - [Full Case] 100% Pineapple Juice - 1L x 12 1lx12
AVALANCHE - (BBD:01/09/2027) 99% SF Mochaccino Instant Coffee Mix 16g x 10 (2747),AVALANCHE,16,10,g,bbd  sf mochaccino instant coffee mix,AVALANCHE AVALANCHE - (BBD:01/09/2027) 99% SF Mochaccino Instant Coffee Mix 16g x 10 (2747) 16gx10
Schweppes - [Full case] Sparkling Water Lime Flavoured (410ml X 24),SCHWEPPES,410,24,ml,sparkling water lime flavoured,SCHWEPPES Schweppes - [Full case] Sparkling Water Lime Flavoured (410ml X 24) 410mlx24
COOL Water - [Full case] Cool Water  (1.5L x 12) Packing randomly dispatched,COOL WATER,5,12,l,ly dispatched,COOL WATER COOL Water - [Full case] Cool Water  (1.5L x 12) Packing randomly dispatched 5lx12
可口可樂 - Full case - Coca cola regular (330ml X 8) X 3,COCA COLA,330,8,ml,regular  x,COCA COLA 可口可樂 - Full case - Coca cola regular (330ml X 8) X 3 330mlx8
Vita - Low Sugar Chrysanthemum Tea 250ml x 6 x 4,VITA,250,6,ml,low sugar chrysanthemum tea,VITA Vita - Low Sugar Chrysanthemum Tea 250ml x 6 x 4 250mlx6
Calci-Plus - Soya Hi-Calcium Healthy Drink - Original Flavour (Random delivery of old and new packings),CALCI,250,6,ml,plus  soya hium healthy drink  original flavour   of old and new s,CALCI Calci-Plus - Soya Hi-Calcium Healthy Drink - Original Flavour (Random delivery of old and new packings) 250mlx6
Vitasoy - Vitasoy Low Sugar Soya Bean Milk 250ml x 6 x 4 Packs (Packing Randomly Delivery),VITASOY,250,6,ml,low sugar soya bean milk  packs  ly,VITASOY Vitasoy - Vitasoy Low Sugar Soya Bean Milk 250ml x 6 x 4 Packs (Packing Randomly Delivery) 250mlx6
Calci-Plus - Vitasoy Calci-Plus Hi-Calcium Oat Soya Milk 250ml x 6 x 4 Packs (Random delivery of packings),CALCI,250,6,ml,plus  vitasoy plus hium oat soya milk  packs   of s,CALCI Calci-Plus - Vitasoy Calci-Plus Hi-Calcium Oat Soya Milk 250ml x 6 x 4 Packs (Random delivery of packings) 250mlx6
Vitasoy - Vitasoy Soya Bean Milk 250ml x 6 x 4 Packs (Packing Randomly Delivery),VITASOY,250,6,ml,soya bean milk  packs  ly,VITASOY Vitasoy - Vitasoy Soya Bean Milk 250ml x 6 x 4 Packs (Packing Randomly Delivery) 250mlx6
Vita - Chrysanthemum Tea 250ml x 6 x 4,VITA,250,6,ml,chrysanthemum tea,VITA Vita - Chrysanthemum Tea 250ml x 6 x 4 250mlx6
Calci-Plus - Vitasoy Calci-Plus Hi-Calcium Almond Milk 250ml x 6 x 4 Packs (Random delivery of old & new packing),CALCI,250,6,ml,plus  vitasoy plus hium almond milk  packs   of old  new,CALCI Calci-Plus - Vitasoy Calci-Plus Hi-Calcium Almond Milk 250ml x 6 x 4 Packs (Random delivery of old & new packing) 250mlx6
marusan - Pure Organic Soy Milk 1L(Random packaging delivery),MARUSAN,1,1,l,pure organic soy milk,MARUSAN marusan - Pure Organic Soy Milk 1L(Random packaging delivery) 1lx1
Vitasoy - Vitasoy Pure Low Sugar Black Soya Bean Extract 250ml x 6 x 4 (Random Packaging),VITASOY,250,6,ml,pure low sugar black soya bean extract,VITASOY Vitasoy - Vitasoy Pure Low Sugar Black Soya Bean Extract 250ml x 6 x 4 (Random Packaging) 250mlx6
Vitasoy - Vitasoy Low Sugar Malted Soya Bean Milk 250ml x 6 x 4 Packs,VITASOY,250,6,ml,low sugar malted soya bean milk  packs,VITASOY Vitasoy - Vitasoy Low Sugar Malted Soya Bean Milk 250ml x 6 x 4 Packs 250mlx6
OATLY! - OAT DRINK ENRICHED x 4 #Please shake well before drinking,OATLY!,1,4,l,oat drink enriched x   shake well before drinking,OATLY! OATLY! - OAT DRINK ENRICHED x 4 #Please shake well before drinking 1lx4
OATLY! - OAT DRINK BARISTA EDITION(Random packaging delivery),OATLY!,1,1,l,oat drink barista edition,OATLY! OATLY! - OAT DRINK BARISTA EDITION(Random packaging delivery) 1lx1
POCARI SWEAT - Baokuangli Water Special [Original Box 24 Bottles] Electrolyte Supplement Drink -24x 500 ml,POCARI SWEAT,500,24,ml,baokuangli water special original box  s electrolyte supplement drink x,POCARI SWEAT POCARI SWEAT - Baokuangli Water Special [Original Box 24 Bottles] Electrolyte Supplement Drink -24x 500 ml 500mlx24
Vita - Hong Kong Style Milk Tea 250ml x 6 x 4,VITA,250,6,ml,hong kong style milk tea,VITA Vita - Hong Kong Style Milk Tea 250ml x 6 x 4 250mlx6
OATLY! - OAT DRINK BARISTA EDITION(Random packaging delivery),OATLY!,1,6,l,oat drink barista edition,OATLY! OATLY! - OAT DRINK BARISTA EDITION(Random packaging delivery) 1lx6
Vitasoy - Vitasoy Pure Low Sugar Soya Bean Extract 250ml x 6 x 4 Packs (Random Packaging),VITASOY,250,6,ml,pure low sugar soya bean extract  packs,VITASOY Vitasoy - Vitasoy Pure Low Sugar Soya Bean Extract 250ml x 6 x 4 Packs (Random Packaging) 250mlx6
Vita - Guava Juice 250ml x 6 x 4  (Randomly delivery for new & old packing),VITA,250,6,ml,guava juice   ly  for new  old,VITA Vita - Guava Juice 250ml x 6 x 4  (Randomly delivery for new & old packing) 250mlx6
OATLY! - [Full Case] OAT DRINK BARISTA EDITION 1L X 6pcs,OATLY!,1,6,l,oat drink barista edition pcs,OATLY! OATLY! - [Full Case] OAT DRINK BARISTA EDITION 1L X 6pcs 1lx6
Vitasoy - Vitasoy Malted Soya Bean Milk 250ml x 6 x 4 Packs (Packing Randomly Delivery),VITASOY,250,6,ml,malted soya bean milk  packs  ly,VITASOY Vitasoy - Vitasoy Malted Soya Bean Milk 250ml x 6 x 4 Packs (Packing Randomly Delivery) 250mlx6
Vita - Apple Juice 250ml x 6 x 4  (Randomly delivery for new & old packing),VITA,250,6,ml,apple juice   ly  for new  old,VITA Vita - Apple Juice 250ml x 6 x 4  (Randomly delivery for new & old packing) 250mlx6
watsons - Watsons - Full Case Pure Distilled Water (430ml ) x 24,WATSONS,430,24,ml,pure distilled water   x,WATSONS watsons - Watsons - Full Case Pure Distilled Water (430ml ) x 24 430mlx24
OATLY! - OAT DRINK BARISTA EDITION x 2(Random packaging delivery),OATLY!,1,2,l,oat drink barista edition x,OATLY! OATLY! - OAT DRINK BARISTA EDITION x 2(Random packaging delivery) 1lx2
OATLY! - OAT DRINK CHOCOLATE,OATLY!,1,1,l,oat drink chocolate,OATLY! OATLY! - OAT DRINK CHOCOLATE 1lx1
Vita - Mango Juice 250ml x 6 x 4  (Randomly delivery for new & old packing),VITA,250,6,ml,mango juice   ly  for new  old,VITA Vita - Mango Juice 250ml x 6 x 4  (Randomly delivery for new & old packing) 250mlx6
watsons - Pure Distilled Water,WATSONS,8,12,l,pure distilled water,WATSONS watsons - Pure Distilled Water 8lx12
Authentic Tea House - Yinhao Jasmine Green Tea (No Sugar) (Bottle) 1.2L x 12 (Random delivery of old and new packings),AUTHENTIC TEA HOUSE,2,12,l,yinhao jasmine green tea no sugar     of old and new s,AUTHENTIC TEA HOUSE Authentic Tea House - Yinhao Jasmine Green Tea (No Sugar) (Bottle) 1.2L x 12 (Random delivery of old and new packings) 2lx12
ChocZero - Sugar Free Vegan Dark Chocolate Almond 【藍袋】 Bark with Sea Salt andom packing,CHOCZERO,170,1,g,sugar free vegan dark chocolate almond  bark with sea salt andom,CHOCZERO ChocZero - Sugar Free Vegan Dark Chocolate Almond 【藍袋】 Bark with Sea Salt andom packing 170gx1
Vita - Blackcurrant Juice 250ml x 6 x 4  (Randomly delivery for new & old packing),VITA,250,6,ml,blackcurrant juice   ly  for new  old,VITA Vita - Blackcurrant Juice 250ml x 6 x 4  (Randomly delivery for new & old packing) 250mlx6
Highland Spring - [Direct from UK] [FULL CASE] Still Water 1.5L x 6 x2,HIGHLAND SPRING,5,6,l,direct from uk   still water,HIGHLAND SPRING Highland Spring - [Direct from UK] [FULL CASE] Still Water 1.5L x 6 x2 5lx6
Vita - Ceylon Lemon Tea 250ml x 6 x 4 (Random Packaging),VITA,250,6,ml,ceylon lemon tea,VITA Vita - Ceylon Lemon Tea 250ml x 6 x 4 (Random Packaging) 250mlx6
Lotte - Milkis Original (PET),LOTTE,500,6,ml,milkis original pet,LOTTE Lotte - Milkis Original (PET) 500mlx6
Asahi - PLUS Calpis Sleep & Intestinal Care Yogurt drink 200ml x 24 (Full Case),ASAHI,200,24,ml,plus calpis sleep  intestinal care yogurt drink,ASAHI Asahi - PLUS Calpis Sleep & Intestinal Care Yogurt drink 200ml x 24 (Full Case) 200mlx24
OATLY! - OAT DRINK ENRICHED #Please shake well before drinking,OATLY!,1,1,l,oat drink enriched  shake well before drinking,OATLY! OATLY! - OAT DRINK ENRICHED #Please shake well before drinking 1lx1
DyDo - [Japan Coffee]-DyDo Barista's Choice Black Coffee Bottled -  Full Case 260g (Random Packing),DYDO,260,24,g,japan coffee baristas choice black coffee d,DYDO DyDo - [Japan Coffee]-DyDo Barista's Choice Black Coffee Bottled -  Full Case 260g (Random Packing) 260gx24
ITO EN - Itoen Green Tea 2L x 6 Japanese 4901085614730  [Full Case]  Expiry 2027/01,ITO EN,2,6,l,itoen green tea  japanese,ITO EN ITO EN - Itoen Green Tea 2L x 6 Japanese 4901085614730  [Full Case]  Expiry 2027/01 2lx6
Suntory - [Full Case] Suntory Green Tea [japanese] 2L x 6 Random packaging expiry  2026/11,SUNTORY,2,6,l,green tea japanese,SUNTORY Suntory - [Full Case] Suntory Green Tea [japanese] 2L x 6 Random packaging expiry  2026/11 2lx6
Highland Spring - [Direct from UK] [FULL CASE] Still Water 500ml x 24,HIGHLAND SPRING,500,24,ml,direct from uk   still water,HIGHLAND SPRING Highland Spring - [Direct from UK] [FULL CASE] Still Water 500ml x 24 500mlx24
Robiff - [Full Case] Robiff Oolong Tea 900ml x 12,ROBIFF,900,12,ml,oolong tea,ROBIFF Robiff - [Full Case] Robiff Oolong Tea 900ml x 12 900mlx12
ITO EN - [Full Case] Ooicha Dark Green Tea 2L x 6 bottle expiry 2026/09,ITO EN,2,6,l,ooicha dark green tea,ITO EN ITO EN - [Full Case] Ooicha Dark Green Tea 2L x 6 bottle expiry 2026/09 2lx6
OATLY! - OAT DRINK ENRICHED x 2 #Please shake well before drinking,OATLY!,1,2,l,oat drink enriched x   shake well before drinking,OATLY! OATLY! - OAT DRINK ENRICHED x 2 #Please shake well before drinking 1lx2
Red Bull - Red Bull Energy Drink Sugarfree - Full Case 250ml,RED BULL,250,24,ml,energy drink sugarfree,RED BULL Red Bull - Red Bull Energy Drink Sugarfree - Full Case 250ml 250mlx24
marusan - Pure Organic Soy Milk 1L x 2 (Random packaging delivery),MARUSAN,1,2,l,pure organic soy milk,MARUSAN marusan - Pure Organic Soy Milk 1L x 2 (Random packaging delivery) 1lx2
CheckCheckCin - [Full Case]Apple Hawthorn Rice Water 250ml x 12,CHECKCHECKCIN,250,12,ml,apple hawthorn rice water,CHECKCHECKCIN CheckCheckCin - [Full Case]Apple Hawthorn Rice Water 250ml x 12 250mlx12
"可口可樂 - Coca Cola [Japan Green Tea]-Ayataka Chaba-No-Amami Pet Bottle – 6 x 650ml (Expiry Date: 25,Oct,2026)",COCA COLA,650,6,ml,japan green teaayataka chabanoamami pet    x   date oct,"COCA COLA 可口可樂 - Coca Cola [Japan Green Tea]-Ayataka Chaba-No-Amami Pet Bottle – 6 x 650ml (Expiry Date: 25,Oct,2026) 650mlx6"
ITO EN - [Full Case] Itoen Green Tea 600ml x 24 [Random Packing] (192009/003800) expiry 2026/09,ITO EN,600,24,ml,itoen green tea,ITO EN ITO EN - [Full Case] Itoen Green Tea 600ml x 24 [Random Packing] (192009/003800) expiry 2026/09 600mlx24
Asahi - [Full Case] Dry Zero Beer 350ml x24 (#030003) (Random delivery)Parallel Import),ASAHI,350,24,ml,dry zero beer,ASAHI Asahi - [Full Case] Dry Zero Beer 350ml x24 (#030003) (Random delivery)Parallel Import) 350mlx24
Highland Spring - [Direct from UK] [FULL CASE] Still Water 500ml x 24 x2,HIGHLAND SPRING,500,24,ml,direct from uk   still water,HIGHLAND SPRING Highland Spring - [Direct from UK] [FULL CASE] Still Water 500ml x 24 x2 500mlx24
東鵬 - Eastroc Natural Drinking Water 555ML*24 Bottles Hong Kong Version Original Carton Genuine Product,EASTROC,555,24,ml,natural drinking water  s hong kong version original carton genuine product,EASTROC 東鵬 - Eastroc Natural Drinking Water 555ML*24 Bottles Hong Kong Version Original Carton Genuine Product 555mlx24
POKKA SAPPORO - [Japan Made] Hokkaido (Sugarless/Caffeine Free) Roasted Corn Tea Bottle - Full Case 525ml,POKKA SAPPORO,525,24,ml,japan made hokkaido sugarlesscaffeine free roasted corn tea,POKKA SAPPORO POKKA SAPPORO - [Japan Made] Hokkaido (Sugarless/Caffeine Free) Roasted Corn Tea Bottle - Full Case 525ml 525mlx24
UCC - [New Packing 230g] Gold Special Coffee Bean 230g - Rich Blend (158162/紅豆)(Random Delivery),UCC,230,1,g,new   gold special coffee bean   rich blend,UCC UCC - [New Packing 230g] Gold Special Coffee Bean 230g - Rich Blend (158162/紅豆)(Random Delivery) 230gx1
Suntory - 三得利 伊右衛門 (新) 柚子香 綠茶(樽裝) 6x600毫升,SUNTORY,600,6,ml,x,SUNTORY Suntory - 三得利 伊右衛門 (新) 柚子香 綠茶(樽裝) 6x600毫升 600mlx6
Unleash'd ORGANIC - Organic Aronia Berry Powder/Chokeberry Powder 1LB (453g) USDA Organic Certified,UNLEASH'D ORGANIC,453,1,g,organic aronia berry powderchokeberry powder lb  usda organic certified,UNLEASH'D ORGANIC Unleash'd ORGANIC - Organic Aronia Berry Powder/Chokeberry Powder 1LB (453g) USDA Organic Certified 453gx1
VPLUS Lifestyle Shop - #7  Italian Caramelozed Hazelnut Mocha Coffee Beans #2024 IIAC Gold Medal  #D73 (120G BBD: 9 FEB 27),VPLUS LIFESTYLE SHOP,120,1,g,italian caramelozed hazelnut mocha coffee beans  iiac gold medal    bbd  feb,VPLUS LIFESTYLE SHOP VPLUS Lifestyle Shop - #7  Italian Caramelozed Hazelnut Mocha Coffee Beans #2024 IIAC Gold Medal  #D73 (120G BBD: 9 FEB 27) 120gx1
SANLIN - SANLIN 100% 泰國 椰青水Coconut Water - Full Case 1L,SANLIN,1,6,l,coconut water,SANLIN SANLIN - SANLIN 100% 泰國 椰青水Coconut Water - Full Case 1L 1lx6
Kikkoman - Japan Plain Soymilk Unsweetened 1 Litre x 3 #豆漿#香港原裝行貨,KIKKOMAN,1,3,l,japan plain soymilk unsweetened  litre x,KIKKOMAN Kikkoman - Japan Plain Soymilk Unsweetened 1 Litre x 3 #豆漿#香港原裝行貨 1lx3
HAITAI - Bon Bon Grape Juice Drink With Sac 238ml x 12,HAITAI,238,12,ml,bon bon grape juice drink with sac,HAITAI HAITAI - Bon Bon Grape Juice Drink With Sac 238ml x 12 238mlx12
Suntory - Green DA.KA.RA Mild Barly Tea Sugarless Caffeine Free [Parallel Import],SUNTORY,680,24,ml,green dakara mild barly tea sugarless caffeine free,SUNTORY Suntory - Green DA.KA.RA Mild Barly Tea Sugarless Caffeine Free [Parallel Import] 680mlx24
ITO EN - Golden Oolong Tea 500ml x 6 4901085614372 expiry 2026/10,ITO EN,500,6,ml,golden oolong tea,ITO EN ITO EN - Golden Oolong Tea 500ml x 6 4901085614372 expiry 2026/10 500mlx6
G7 COFFEE - Pure Black Coffee (2g❎100)Americano American Coffee[parallel goods],G7 COFFEE,2,100,g,pure black coffee gamericano american coffee goods,G7 COFFEE G7 COFFEE - Pure Black Coffee (2g❎100)Americano American Coffee[parallel goods] 2gx100
KIRIN - [Full Case] Body Free Non-Alcoholic Beer 350ml x24(#092140) (Random delivery)(Parallel,KIRIN,350,24,ml,body free nonalcoholic beer,KIRIN KIRIN - [Full Case] Body Free Non-Alcoholic Beer 350ml x24(#092140) (Random delivery)(Parallel 350mlx24
COOL Water - [Full case] Cool Water (750ml x 24) Packing randomly dispatched,COOL WATER,750,24,ml,ly dispatched,COOL WATER COOL Water - [Full case] Cool Water (750ml x 24) Packing randomly dispatched 750mlx24
GLAM.D - Digestive Enzyme Powder【Sweet Potato】 (30 packs x 4g) (88099827685000) EXP..2027 (parallel import),GLAM.D,4,30,g,digestive enzyme powdersweet potato  packs x   exp,GLAM.D GLAM.D - Digestive Enzyme Powder【Sweet Potato】 (30 packs x 4g) (88099827685000) EXP..2027 (parallel import) 4gx30
Suntory - BOSS Luxury Less Sugar Coffee 185g X 30Cans (#235335) (Random Delivery),SUNTORY,185,30,g,boss luxury less sugar coffee  x cans,SUNTORY Suntory - BOSS Luxury Less Sugar Coffee 185g X 30Cans (#235335) (Random Delivery) 185gx30
Vitamont - Sicilian Organic Pure Lemon Juice 2 bottles (250ML) | Best Before Date:03/06/2027 (D/M/Y),VITAMONT,250,2,ml,sicilian organic pure lemon juice  s   best before date dmy,VITAMONT Vitamont - Sicilian Organic Pure Lemon Juice 2 bottles (250ML) | Best Before Date:03/06/2027 (D/M/Y) 250mlx2
AGF - (24 Sticks)Blendy Stick Cafe Au Lait Unsweetened Sticks coffee▼H2(00300)(Parallel Import),AGF,8,24,g,sticksblendy stick cafe au lait unsweetened sticks coffeeh,AGF AGF - (24 Sticks)Blendy Stick Cafe Au Lait Unsweetened Sticks coffee▼H2(00300)(Parallel Import) 8gx24
Highland Spring - [Direct from UK] [FULL CASE] Still Water 1.5L x 6,HIGHLAND SPRING,5,6,l,direct from uk   still water,HIGHLAND SPRING Highland Spring - [Direct from UK] [FULL CASE] Still Water 1.5L x 6 5lx6
Vita - Apple Jasmine Green Tea Drink 500ml x 6 (Random Delivery),VITA,500,6,ml,apple jasmine green tea drink,VITA Vita - Apple Jasmine Green Tea Drink 500ml x 6 (Random Delivery) 500mlx6
UCC - [Japan Coffee]-Syokunin-No-Coffee (Black) Sugarless Pet Bottle - Full Case,UCC,900,12,ml,japan coffeesyokuninnocoffee black sugarless pet,UCC UCC - [Japan Coffee]-Syokunin-No-Coffee (Black) Sugarless Pet Bottle - Full Case 900mlx12
"Uni-President - 統一 - Chai Li Won Sugar-Free Jasmine Tea Bottled - Full Case(Random Packing) (Exp Date: 06,Oct,2026)",UNI,420,24,ml,president    chai li won sugarfree jasmine tea d     exp date oct,"UNI Uni-President - 統一 - Chai Li Won Sugar-Free Jasmine Tea Bottled - Full Case(Random Packing) (Exp Date: 06,Oct,2026) 420mlx24"
AQUA NOBEL - [2 Cases] Swedish Natural Alkaline Spring Water #Tetra Pack (Best Before: 14 Jan 2028) - 38880080A,AQUA NOBEL,500,24,ml,s swedish natural alkaline spring water  pack best before  jan   a,AQUA NOBEL AQUA NOBEL - [2 Cases] Swedish Natural Alkaline Spring Water #Tetra Pack (Best Before: 14 Jan 2028) - 38880080A 500mlx24
UCC - [Full Case] ucc Black coffee Cold Brew 500ml x 24 Random Packing  4901201156731 expiry 2026/12,UCC,500,24,ml,black coffee cold brew,UCC UCC - [Full Case] ucc Black coffee Cold Brew 500ml x 24 Random Packing  4901201156731 expiry 2026/12 500mlx24
Asahi - Asahi [Japan Coffee]-Wonda Koku-No-Fukami Black Coffee Bottled - Full Case 400gm (Random Packing),ASAHI,400,24,gm,japan coffeewonda kokunofukami black coffee d,ASAHI Asahi - Asahi [Japan Coffee]-Wonda Koku-No-Fukami Black Coffee Bottled - Full Case 400gm (Random Packing) 400gmx24
Bonaqua - Full case - Bonaqua Mineralized Water (770ml ) 24 bottles,BONAQUA,770,24,ml,mineralized water    s,BONAQUA Bonaqua - Full case - Bonaqua Mineralized Water (770ml ) 24 bottles 770mlx24
ITO EN - Japan Strong Flavor Green Tea 2L × 2 4901085609576 expiry 2026/09,ITO EN,2,2,l,japan strong flavor green tea,ITO EN ITO EN - Japan Strong Flavor Green Tea 2L × 2 4901085609576 expiry 2026/09 2lx2
Asahi - Asahi [Japan Coffee]-Wonda Koku-No-Fukami Rich Café Au Lait Coffee Bottled - Full Case 370gm,ASAHI,370,24,gm,japan coffeewonda kokunofukami rich caf au lait coffee d,ASAHI Asahi - Asahi [Japan Coffee]-Wonda Koku-No-Fukami Rich Café Au Lait Coffee Bottled - Full Case 370gm 370gmx24
marusan - Mainichi Oishii Roasted Almond Milk Paper Pack – Full Case 1L- Marusan 丸山 Japan Made-Sugar Free,MARUSAN,1,6,l,mainichi oishii roasted almond milk paper pack       japan madesugar free,MARUSAN marusan - Mainichi Oishii Roasted Almond Milk Paper Pack – Full Case 1L- Marusan 丸山 Japan Made-Sugar Free 1lx6
Suntory - Suntory  Natural Water 2L x 6(Random Packing),SUNTORY,2,6,l,natural water,SUNTORY Suntory - Suntory  Natural Water 2L x 6(Random Packing) 2lx6
"KIRIN - Kirin [午後の紅茶]-Gogo-No-Kocha Lemon Tea Pet Bottle - Full Case (Random Packing)(Expiry Date: Nov,2026)",KIRIN,500,24,ml,gogonokocha lemon tea pet       date nov,"KIRIN KIRIN - Kirin [午後の紅茶]-Gogo-No-Kocha Lemon Tea Pet Bottle - Full Case (Random Packing)(Expiry Date: Nov,2026) 500mlx24"
"G7 COFFEE - American instant sugar free black coffee (2 grams, 100 packs) imported in parallel",G7 COFFEE,2,100,g,american instant sugar free black coffee  grams  packs ed in,"G7 COFFEE G7 COFFEE - American instant sugar free black coffee (2 grams, 100 packs) imported in parallel 2gx100"
Nongfu Spring - Nongfu Spring Natural Water (Hong Kong Edition) — 5L x 4 Bottles | Sourced from Premium Natural Spri,NONGFU SPRING,5,4,l,natural water hong kong edition   x  s  sourced from premium natural spri,NONGFU SPRING Nongfu Spring - Nongfu Spring Natural Water (Hong Kong Edition) — 5L x 4 Bottles | Sourced from Premium Natural Spri 5lx4
東鵬 - Eastroc Natural Drinking Water 380ML*24 Bottles Hong Kong Version Original Carton Genuine Product,EASTROC,380,24,ml,natural drinking water  s hong kong version original carton genuine product,EASTROC 東鵬 - Eastroc Natural Drinking Water 380ML*24 Bottles Hong Kong Version Original Carton Genuine Product 380mlx24
POCARI SWEAT - Pocari Sweat Ion Supply Drink Bottled - Full Case 900ml,POCARI SWEAT,900,12,ml,ion supply drink d,POCARI SWEAT POCARI SWEAT - Pocari Sweat Ion Supply Drink Bottled - Full Case 900ml 900mlx12
evian - Evian [Full Case] -  Evian Natural Mineral Water -24x 500 ml,EVIAN,500,24,ml,natural mineral water x,EVIAN evian - Evian [Full Case] -  Evian Natural Mineral Water -24x 500 ml 500mlx24
Uni-President - 統一 - Uni Presidet Milk Tea Bottled - Full Case 500ml [110270],UNI,500,15,ml,president     presidet milk tea d,UNI Uni-President - 統一 - Uni Presidet Milk Tea Bottled - Full Case 500ml [110270] 500mlx15
UCC - UCC [Japan Coffee]-Black Sugarless Coffee Recap Bottled - Full Case 375gm (Random Packing)[110192B],UCC,375,24,gm,japan coffeeblack sugarless coffee recap d      b,UCC UCC - UCC [Japan Coffee]-Black Sugarless Coffee Recap Bottled - Full Case 375gm (Random Packing)[110192B] 375gmx24
Tao Ti - Tao Ti Honey Green Tea (Low Sugar) - Full Case 250ml,TAO TI,250,24,ml,honey green tea low sugar,TAO TI Tao Ti - Tao Ti Honey Green Tea (Low Sugar) - Full Case 250ml 250mlx24
Bonaqua - [Full case] Mineralized Water (770ml X 24),BONAQUA,770,24,ml,mineralized water,BONAQUA Bonaqua - [Full case] Mineralized Water (770ml X 24) 770mlx24
HeySong - C&C Grape Sparkling Drink (Grape) 330ml x 6 can (此日期前食用: 02/12/2026),HEYSONG,330,6,ml,cc grape sparkling drink grape  can,HEYSONG HeySong - C&C Grape Sparkling Drink (Grape) 330ml x 6 can (此日期前食用: 02/12/2026) 330mlx6
Spiral - m.Bonsoy soymilk /1Lx6  (Best before date: 04-11-2027),SPIRAL,1,6,l,mbonsoy soymilk   best before date,SPIRAL Spiral - m.Bonsoy soymilk /1Lx6  (Best before date: 04-11-2027) 1lx6
Asahi - Asahi Wonda Kokunohukami Black Coffee Bottle Can 400g x 24pcs [Parallel Import] [Random Packing],ASAHI,400,24,g,wonda kokunohukami black coffee  can pcs,ASAHI Asahi - Asahi Wonda Kokunohukami Black Coffee Bottle Can 400g x 24pcs [Parallel Import] [Random Packing] 400gx24
Calci Plus - 原箱 鈣思寶高鈣植物固醇豆奶(淺藍色盒)(24x250ml)#05604 Calci-Plus Hi-Calcium Plant Sterol Soya milk中國或香港產地版本隨機出貨,CALCI PLUS,250,24,ml,calciplus hicalcium plant sterol soya milk,CALCI PLUS Calci Plus - 原箱 鈣思寶高鈣植物固醇豆奶(淺藍色盒)(24x250ml)#05604 Calci-Plus Hi-Calcium Plant Sterol Soya milk中國或香港產地版本隨機出貨 250mlx24
Robiff - [Full Case] Robiff Oolong Tea 500ml x 24 bottles 4891379161289,ROBIFF,500,24,ml,oolong tea  s,ROBIFF Robiff - [Full Case] Robiff Oolong Tea 500ml x 24 bottles 4891379161289 500mlx24
Suntory - Suntory Japan - Kuro Oolong Tea Bottle 3x1.05L,SUNTORY,1050,3,ml,japan  kuro oolong tea  xl,SUNTORY Suntory - Suntory Japan - Kuro Oolong Tea Bottle 3x1.05L 1050mlx3
Suntory - Suntory [Japan Green Tea]-Iyemon Green Tea Pet Bottle - Full Case 600ml (Random Packing),SUNTORY,600,24,ml,japan green teaiyemon green tea pet,SUNTORY Suntory - Suntory [Japan Green Tea]-Iyemon Green Tea Pet Bottle - Full Case 600ml (Random Packing) 600mlx24
中原 - Three in One Instant Dissolved White Coffee (17g X 46 packs) Parallel Imported,TRUNG NGUYEN,17,46,g,three in one instant dissolved white coffee  packs  ed,TRUNG NGUYEN 中原 - Three in One Instant Dissolved White Coffee (17g X 46 packs) Parallel Imported 17gx46
KIRIN - Kirin [Japan Tea]-Nama-Cha Green Tea Bottled - Full Case 2L,KIRIN,2,6,l,japan teanamacha green tea d,KIRIN KIRIN - Kirin [Japan Tea]-Nama-Cha Green Tea Bottled - Full Case 2L 2lx6
東鵬 - Eastroc Vitamin Energy Drink 500ML * 24 Bottles per Case Hong Kong Version Original Box,EASTROC,500,24,ml,vitamin energy drink    s per  hong kong version original box,EASTROC 東鵬 - Eastroc Vitamin Energy Drink 500ML * 24 Bottles per Case Hong Kong Version Original Box 500mlx24
Schweppes - Sparkling Water Lime Flavoured (410ml X 6),SCHWEPPES,410,6,ml,sparkling water lime flavoured,SCHWEPPES Schweppes - Sparkling Water Lime Flavoured (410ml X 6) 410mlx6
10號店飲品 - 朝霧 MT. Fuji Natural Water Contains Vanadium Bottled – Full Case 2L Parallel Imports Japan Water,10,2,6,l,mt fuji natural water contains vanadium d      s japan water,10 10號店飲品 - 朝霧 MT. Fuji Natural Water Contains Vanadium Bottled – Full Case 2L Parallel Imports Japan Water 2lx6
東鵬 - Eastroc Island Coconut Fresh Pressed Coconut Juice Hong Kong Version Original Box 330ml*24 Bottles,EASTROC,330,24,ml,island coconut fresh pressed coconut juice hong kong version original box  s,EASTROC 東鵬 - Eastroc Island Coconut Fresh Pressed Coconut Juice Hong Kong Version Original Box 330ml*24 Bottles 330mlx24
Asahi - Asahi [Japan Tea] - Lipolysis Puerh Tea & Oolong Tea Pet Bottle - Full Case 2L,ASAHI,2,6,l,japan tea  lipolysis puerh tea  oolong tea pet,ASAHI Asahi - Asahi [Japan Tea] - Lipolysis Puerh Tea & Oolong Tea Pet Bottle - Full Case 2L 2lx6
KIRIN - Lemon Tea  Afternoon Tea 500ml x 6 Random Packaging 4909411084875 Expiry 2026/10,KIRIN,500,6,ml,lemon tea  afternoon tea,KIRIN KIRIN - Lemon Tea  Afternoon Tea 500ml x 6 Random Packaging 4909411084875 Expiry 2026/10 500mlx6
"Nongfu Spring - Nongfu Spring Oriental Leaf Chrysanthemum Puer Tea (Original Case of 15 x 500ml) | Sugar-Free, 0 Cal",NONGFU SPRING,500,15,ml,oriental leaf chrysanthemum puer tea original  of  x   sugarfree  cal,"NONGFU SPRING Nongfu Spring - Nongfu Spring Oriental Leaf Chrysanthemum Puer Tea (Original Case of 15 x 500ml) | Sugar-Free, 0 Cal 500mlx15"
DEVONDALE - Full Cream Devondale Milk Australia - Full Case 1L,DEVONDALE,1,10,l,cream  milk australia,DEVONDALE DEVONDALE - Full Cream Devondale Milk Australia - Full Case 1L 1lx10
Nongfu Spring - Nongfu Spring - [Original Box 24 Bottles] Changbaixue Natural Snow Mountain Mineral Water 535ml x 24,NONGFU SPRING,535,24,ml,original box  s changbaixue natural snow mountain mineral water  x,NONGFU SPRING Nongfu Spring - Nongfu Spring - [Original Box 24 Bottles] Changbaixue Natural Snow Mountain Mineral Water 535ml x 24 535mlx24
中原 - Grinding No. 1 coffee powder -250g # Robusta coffee powder parallel import,TRUNG NGUYEN,250,1,g,grinding no  coffee powder   robusta coffee powder,TRUNG NGUYEN 中原 - Grinding No. 1 coffee powder -250g # Robusta coffee powder parallel import 250gx1
Daioni organic - 綠牛牛 Daioni Organic Cows Semi-Skimmed Milk Fat 1.6% - Full Case 1L (Green),DAIONI ORGANIC,1,12,l,cows semiskimmed milk fat      green,DAIONI ORGANIC Daioni organic - 綠牛牛 Daioni Organic Cows Semi-Skimmed Milk Fat 1.6% - Full Case 1L (Green) 1lx12
KIRIN - [Full Case] Afternoon Tea Lemon Tea 500ml x 24 Random Packaging Expiry 2026/12,KIRIN,500,24,ml,afternoon tea lemon tea,KIRIN KIRIN - [Full Case] Afternoon Tea Lemon Tea 500ml x 24 Random Packaging Expiry 2026/12 500mlx24
星巴克 - House Blend Americano Coffee Capsules [Applicable to NESCAFÉ® Dolce Gusto® Coffee Machine](C),STARBUCKS,12,1,servings,house blend americano coffee capsules applicable to nescaf dolce gusto coffee machinec,STARBUCKS 星巴克 - House Blend Americano Coffee Capsules [Applicable to NESCAFÉ® Dolce Gusto® Coffee Machine](C) 12servingsx1
You C1000 - You C1000 Vitamin Health Drink Lemon(Glass Bottle) - Full Case 140ml,YOU C1000,140,30,ml,vitamin health drink lemonglass,YOU C1000 You C1000 - You C1000 Vitamin Health Drink Lemon(Glass Bottle) - Full Case 140ml 140mlx30
Yumthé - ROOIBOS TEA Naturally malty and treacle taste of healthy African treasure caffeine-free,YUMTHE,5,15,g,yumth  rooibos tea naturally malty and treacle taste of healthy african treasure caffeinefree,YUMTHE Yumthé - ROOIBOS TEA Naturally malty and treacle taste of healthy African treasure caffeine-free 5gx15
SOC - ONSENSUI99 Healthy SPRING WATER (Mineral Water) 500ml x 24 (Full Case),SOC,500,24,ml,onsensui healthy spring water mineral water,SOC SOC - ONSENSUI99 Healthy SPRING WATER (Mineral Water) 500ml x 24 (Full Case) 500mlx24
UCC - [Japan Coffee]-Black Cold Brew Sugarless Coffee Pet Bottle - Full Case 500ml(Random Packing),UCC,500,24,ml,japan coffeeblack cold brew sugarless coffee pet,UCC UCC - [Japan Coffee]-Black Cold Brew Sugarless Coffee Pet Bottle - Full Case 500ml(Random Packing) 500mlx24
KIRIN - KIRIN [Full Case] Rich Green Tea 2L x 6 Random Packing Expiry 2026/11,KIRIN,2,6,l,rich green tea,KIRIN KIRIN - KIRIN [Full Case] Rich Green Tea 2L x 6 Random Packing Expiry 2026/11 2lx6
NESCAFÉ - Full case - Nescafe Can 250ml - full case 24P,NESCAFE,250,24,ml,nescaf      can     p,NESCAFE NESCAFÉ - Full case - Nescafe Can 250ml - full case 24P 250mlx24
Nongfu Spring - Oriental Leaf Tea [Original Box 12 Bottles] Sugar free Jasmine Tea 900ML x12 (Parallel Import),NONGFU SPRING,900,12,ml,oriental leaf tea original box  s sugar free jasmine tea  x,NONGFU SPRING Nongfu Spring - Oriental Leaf Tea [Original Box 12 Bottles] Sugar free Jasmine Tea 900ML x12 (Parallel Import) 900mlx12
Suntory - Suntory [Japan Green Tea]-Iyemon Green Tea Pet Bottle - 6 Bottles x 600ml (Random Packing),SUNTORY,600,6,ml,japan green teaiyemon green tea pet    s x,SUNTORY Suntory - Suntory [Japan Green Tea]-Iyemon Green Tea Pet Bottle - 6 Bottles x 600ml (Random Packing) 600mlx6
CR C'ESTBON - Cestbon Chrysanthemum Tea Full Case - (450ml) x 15,CR C'ESTBON,450,15,ml,cestbon chrysanthemum tea     x,CR C'ESTBON CR C'ESTBON - Cestbon Chrysanthemum Tea Full Case - (450ml) x 15 450mlx15
KAGOME - Kagome Japan Made 100% Vegetable Fruit Mix Juice Original Paper Pack - Full Case 200ml - 7921,KAGOME,200,24,ml,japan made  vegetable fruit mix juice original paper pack,KAGOME KAGOME - Kagome Japan Made 100% Vegetable Fruit Mix Juice Original Paper Pack - Full Case 200ml - 7921 200mlx24
evian - [Dealer's Goods of HK] [Full Case]膠樽裝France Evian Natural Mineral Water (750ml X 12)packing randomly,EVIAN,750,12,ml,dealers goods of hk  france  natural mineral water  ly,EVIAN evian - [Dealer's Goods of HK] [Full Case]膠樽裝France Evian Natural Mineral Water (750ml X 12)packing randomly 750mlx12
NESCAFÉ - Full case - Korean Café Collection Cold Brew Black Coffee(Can) 370 ml x 20P,NESCAFE,370,20,ml,nescaf     korean caf collection cold brew black coffeecan   x p,NESCAFE NESCAFÉ - Full case - Korean Café Collection Cold Brew Black Coffee(Can) 370 ml x 20P 370mlx20
VAN HOUTEN - Kataoka Pure Cocoa Powder 100g Flavour Free No Additives Sugar Free Pure Cocoa Powder Chocolate,VAN HOUTEN,100,1,g,kataoka pure cocoa powder  flavour free no additives sugar free pure cocoa powder chocolate,VAN HOUTEN VAN HOUTEN - Kataoka Pure Cocoa Powder 100g Flavour Free No Additives Sugar Free Pure Cocoa Powder Chocolate 100gx1
LORINA - Lorina Traditional Lemonade x 12 bottles,LORINA,330,12,ml,traditional lemonade x  s,LORINA LORINA - Lorina Traditional Lemonade x 12 bottles 330mlx12
Chang - (Glass Bottle) Chang Soda Water - Full Case 24x325ml,CHANG,325,24,ml,glass   soda water,CHANG Chang - (Glass Bottle) Chang Soda Water - Full Case 24x325ml 325mlx24
Suntory - Suntory Osmanthus Oolong Tea Bottled - Full Case 500ml,SUNTORY,500,15,ml,osmanthus oolong tea d,SUNTORY Suntory - Suntory Osmanthus Oolong Tea Bottled - Full Case 500ml 500mlx15
Pepsi - Japan Pepsi Nama [生] Cola Canned - Full Case 340ml/ Suntoryペプシ 生 Parallel Import,PEPSI,340,24,ml,japan  nama  cola canned     suntory,PEPSI Pepsi - Japan Pepsi Nama [生] Cola Canned - Full Case 340ml/ Suntoryペプシ 生 Parallel Import 340mlx24
TW - [Full Case] Osmanthus Oolong Tea Bag X 12,TW,5,10,g,osmanthus oolong tea bag x,TW TW - [Full Case] Osmanthus Oolong Tea Bag X 12 5gx10
Bonaqua - Full case - Bonaqua Mineralized Water ( 500ml) 24 bottles,BONAQUA,500,24,ml,mineralized water    s,BONAQUA Bonaqua - Full case - Bonaqua Mineralized Water ( 500ml) 24 bottles 500mlx24
可口可樂 - [Japan Made] I LOHAS Natural Mineral Water – Full Case 2L-[Parallel Import]- コカ・コーラい・ろ・は・す 天然水,COCA COLA,2,6,l,japan made i lohas natural mineral water,COCA COLA 可口可樂 - [Japan Made] I LOHAS Natural Mineral Water – Full Case 2L-[Parallel Import]- コカ・コーラい・ろ・は・す 天然水 2lx6
UCC - UCC Coffee 185ml x 30 [Parallel import],UCC,185,30,ml,coffee,UCC UCC - UCC Coffee 185ml x 30 [Parallel import] 185mlx30
Suntory - [Japan Tea]-Oolong Tea Pet Bottle - Full Case 2L,SUNTORY,2,6,l,japan teaoolong tea pet,SUNTORY Suntory - [Japan Tea]-Oolong Tea Pet Bottle - Full Case 2L 2lx6
賓得寶 - [Full Case] Ginger Beer 375ml x 12,BUNDABERG,375,12,ml,ginger beer  x,BUNDABERG 賓得寶 - [Full Case] Ginger Beer 375ml x 12 375mlx12
"Chang - Chang Sparkling Water 24x325ml Glass Bottles - Case (Tray Pack, Chinese Label)Random Packaging",CHANG,325,24,ml,sparkling water  glass s   tray pack chinese label,"CHANG Chang - Chang Sparkling Water 24x325ml Glass Bottles - Case (Tray Pack, Chinese Label)Random Packaging 325mlx24"
SANGARIA - Japanese Matcha Green Tea 600ml X 24 Bottles(#116444)(BBD:2026.12.31)Random delive,SANGARIA,600,24,ml,japanese matcha green tea  x  s delive,SANGARIA SANGARIA - Japanese Matcha Green Tea 600ml X 24 Bottles(#116444)(BBD:2026.12.31)Random delive 600mlx24
"IRIS OHYAMA - IRIS OHYAMA – Japan MT. Fuji Natural Mineral Water Bottled – Full Case 2L, Parallel Impo",IRIS OHYAMA,2,6,l,japan mt fuji natural mineral water d      impo,"IRIS OHYAMA IRIS OHYAMA - IRIS OHYAMA – Japan MT. Fuji Natural Mineral Water Bottled – Full Case 2L, Parallel Impo 2lx6"
AVALANCHE - (BBD:12/05/2027) 99% SF Drinking Chocolate 20g x 10(0063),AVALANCHE,20,10,g,bbd  sf drinking chocolate,AVALANCHE AVALANCHE - (BBD:12/05/2027) 99% SF Drinking Chocolate 20g x 10(0063) 20gx10
evian - [Dealer's Goods of HK] [Full Case] 罐裝 France Sparkling Natural Mineral Water (330ml X 24),EVIAN,330,24,ml,dealers goods of hk    france sparkling natural mineral water,EVIAN evian - [Dealer's Goods of HK] [Full Case] 罐裝 France Sparkling Natural Mineral Water (330ml X 24) 330mlx24
Lucky Me - [Full Case] Litchi Oolong Tea - 250ml x 30,LUCKY ME,250,30,ml,litchi oolong tea,LUCKY ME Lucky Me - [Full Case] Litchi Oolong Tea - 250ml x 30 250mlx30
Remedy Drinks - 【原箱24CAN】 Organic Kombucha [Mango] Passion Sugar Free at least 60days shelf life,REMEDY DRINKS,250,24,ml,can organic kombucha mango passion sugar free at least days shelf life,REMEDY DRINKS Remedy Drinks - 【原箱24CAN】 Organic Kombucha [Mango] Passion Sugar Free at least 60days shelf life 250mlx24
Calci Plus - 原箱 鈣思寶高鈣高蛋白質豆奶 原箱 (24 x 250ml) #14088 Calci-Plus Hi-Calcium High Protein Soya Milk#植物奶#中國或香港產地版本隨機出貨,CALCI PLUS,250,24,ml,calciplus hicalcium high protein soya milk,CALCI PLUS Calci Plus - 原箱 鈣思寶高鈣高蛋白質豆奶 原箱 (24 x 250ml) #14088 Calci-Plus Hi-Calcium High Protein Soya Milk#植物奶#中國或香港產地版本隨機出貨 250mlx24
KAGOME - Kagome Japan Made 100% Vegetables Juice One Per Day Paper Pack - Full Case 200ml - 6147,KAGOME,200,24,ml,japan made  vegetables juice one per day paper pack,KAGOME KAGOME - Kagome Japan Made 100% Vegetables Juice One Per Day Paper Pack - Full Case 200ml - 6147 200mlx24
可口可樂 - Full case - Coca cola No sugar (330ml X 8) X 3,COCA COLA,330,8,ml,no sugar  x,COCA COLA 可口可樂 - Full case - Coca cola No sugar (330ml X 8) X 3 330mlx8
Bonaqua - [Full case] Mineralized Water (1.5L X 12),BONAQUA,5,12,l,mineralized water,BONAQUA Bonaqua - [Full case] Mineralized Water (1.5L X 12) 5lx12
ITO EN - [Full Case] Ooicha Dark Green Tea 2L x 6 bottle expiry 2026/09,ITO EN,2,6,l,ooicha dark green tea,ITO EN ITO EN - [Full Case] Ooicha Dark Green Tea 2L x 6 bottle expiry 2026/09 2lx6
Lipton - Golden Milk Tea 34 pieces [16.5g x 34] (4892218063412)【Random Pack】,LIPTON,5,34,g,golden milk tea  pieces   pack,LIPTON Lipton - Golden Milk Tea 34 pieces [16.5g x 34] (4892218063412)【Random Pack】 5gx34
星巴克 - Espresso Roast by NESCAFÉ® [Applicable to NESCAFÉ® Dolce Gusto® Coffee Machine](C),STARBUCKS,12,1,servings,espresso roast by nescaf applicable to nescaf dolce gusto coffee machinec,STARBUCKS 星巴克 - Espresso Roast by NESCAFÉ® [Applicable to NESCAFÉ® Dolce Gusto® Coffee Machine](C) 12servingsx1
Sanitarium - So Good™ OAT MILK UNSWEETENED ⭐ 1L,SANITARIUM,1,1,litre,so good oat milk unsweetened  l,SANITARIUM Sanitarium - So Good™ OAT MILK UNSWEETENED ⭐ 1L 1litrex1
KAGOME - Kagome Japan Made 100% Veg Fruit Mix Juice Berry Salad Paper Pack - Full Case 200ml Parallel Import,KAGOME,200,24,ml,japan made  veg fruit mix juice berry salad paper pack,KAGOME KAGOME - Kagome Japan Made 100% Veg Fruit Mix Juice Berry Salad Paper Pack - Full Case 200ml Parallel Import 200mlx24
UCC - UCC  BLACK Coffee (No Sugar) Wholly Brewed 185g x30 ROASTED COFFEE 100％ expiry 2026/07,UCC,185,30,g,black coffee no sugar wholly brewed  x roasted coffee,UCC UCC - UCC  BLACK Coffee (No Sugar) Wholly Brewed 185g x30 ROASTED COFFEE 100％ expiry 2026/07 185gx30
賓得寶 - [Full Case] Diet Ginger Beer 375ml x 12,BUNDABERG,375,12,ml,diet ginger beer  x,BUNDABERG 賓得寶 - [Full Case] Diet Ginger Beer 375ml x 12 375mlx12
UCC - Sugar Free Black Coffee 375g x 24 Bottles(#153433) Random Delivery,UCC,375,24,g,sugar free black coffee  x  s,UCC UCC - Sugar Free Black Coffee 375g x 24 Bottles(#153433) Random Delivery 375gx24
TASTE NIRVANA - 《SET#6PCS》RealCoconut Water 300ml [x6pcs],TASTE NIRVANA,300,6,ml,set water  xpcs,TASTE NIRVANA TASTE NIRVANA - 《SET#6PCS》RealCoconut Water 300ml [x6pcs] 300mlx6
POCARI SWEAT - POCARI SWEAT 500ml X 24 (Parallel Import) [full box] Expiry 2027/04,POCARI SWEAT,500,24,ml,box,POCARI SWEAT POCARI SWEAT - POCARI SWEAT 500ml X 24 (Parallel Import) [full box] Expiry 2027/04 500mlx24
Tao Ti - Tao Ti Supreme Oolong Tea (No sugar) - Full Case 250ml,TAO TI,250,24,ml,supreme oolong tea no sugar,TAO TI Tao Ti - Tao Ti Supreme Oolong Tea (No sugar) - Full Case 250ml 250mlx24
賓得寶 - [Full Case] Lemon Lime Bitter 375ml x 12,BUNDABERG,375,12,ml,lemon lime bitter  x,BUNDABERG 賓得寶 - [Full Case] Lemon Lime Bitter 375ml x 12 375mlx12
Volvic - Volvic Natural Mineral Water France - Full Case 12x1.5L (Random Packing) 新貨，到期日：2027年12月,VOLVIC,5,12,l,natural mineral water france,VOLVIC Volvic - Volvic Natural Mineral Water France - Full Case 12x1.5L (Random Packing) 新貨，到期日：2027年12月 5lx12
POKKA - Premium Milk Coffee 500ml x 24 bottles,POKKA,500,24,ml,premium milk coffee  s,POKKA POKKA - Premium Milk Coffee 500ml x 24 bottles 500mlx24
Fontana - [Full Case] 100% Orange Juice - 1L x 12,FONTANA,1,12,l,orange juice   x,FONTANA Fontana - [Full Case] 100% Orange Juice - 1L x 12 1lx12
Sanitarium - So Good Original Almond Milk 1L  Serve with breakfast cereals/oatmeal/bread,SANITARIUM,1,1,l,so good original almond milk   serve with breakfast cerealsoatmealbread,SANITARIUM Sanitarium - So Good Original Almond Milk 1L  Serve with breakfast cereals/oatmeal/bread 1lx1
Asahi - Asahi [Japan Coffee]-Wonda Koku-No-Fukami Low Sugar Coffee Bottled - Full Case 370gm,ASAHI,370,24,gm,japan coffeewonda kokunofukami low sugar coffee d,ASAHI Asahi - Asahi [Japan Coffee]-Wonda Koku-No-Fukami Low Sugar Coffee Bottled - Full Case 370gm 370gmx24
Suntory - Japan Premium Boss Black Coffee Bottled - Full Case 390gm/ Sugarless / Suntory / Parallel,SUNTORY,390,24,gn,japan premium boss black coffee d    gm sugarless,SUNTORY Suntory - Japan Premium Boss Black Coffee Bottled - Full Case 390gm/ Sugarless / Suntory / Parallel 390gnx24
evian - [Dealer's Goods of HK] [Full Case]  膠樽裝 France Evian Natural Mineral Water (330ml X 24),EVIAN,330,24,ml,dealers goods of hk     france  natural mineral water,EVIAN evian - [Dealer's Goods of HK] [Full Case]  膠樽裝 France Evian Natural Mineral Water (330ml X 24) 330mlx24
"Mindful Sparks - 【Full Case 12 Bottles】Prestige Sparkling White Peach Earl Grey Tea 245ml (Low Sugar,Hong Kong Brand)",MINDFUL SPARKS,245,12,ml,sprestige sparkling white peach earl grey tea  low sugarhong kong brand,"MINDFUL SPARKS Mindful Sparks - 【Full Case 12 Bottles】Prestige Sparkling White Peach Earl Grey Tea 245ml (Low Sugar,Hong Kong Brand) 245mlx12"
Volvic - Volvic Natural Mineral Water France 1.5L x 6  (Random Packing),VOLVIC,5,6,l,natural mineral water france  x,VOLVIC Volvic - Volvic Natural Mineral Water France 1.5L x 6  (Random Packing) 5lx6
可口可樂 - Japanese authentic Green Tea 650ml x 24 (Random Packaging) #FullCase 4902102154826 expiry 2026/08,COCA COLA,650,24,ml,japanese authentic green tea,COCA COLA 可口可樂 - Japanese authentic Green Tea 650ml x 24 (Random Packaging) #FullCase 4902102154826 expiry 2026/08 650mlx24
UCC - Low-Caffeine Drip Coffee (8cups/pack)(159381) (Parallel Import)(RandomVersion )EXP: End-APR2027,UCC,8,1,cups,lowcaffeine drip coffee pack  version exp endapr,UCC UCC - Low-Caffeine Drip Coffee (8cups/pack)(159381) (Parallel Import)(RandomVersion )EXP: End-APR2027 8cupsx1
Suntory - Green DA.KA.RA Mild Barly Tea Sugarless Caffeine Free l-[Parallel Import],SUNTORY,680,6,ml,green dakara mild barly tea sugarless caffeine free l,SUNTORY Suntory - Green DA.KA.RA Mild Barly Tea Sugarless Caffeine Free l-[Parallel Import] 680mlx6
ACQUA PANNA - Acqua Panna (Glass Bottle) Natural Spring Wate - 6 x 250ml (New and old packaging sent randomly),ACQUA PANNA,250,6,ml,glass  natural spring wate   x  new and old  sent ly,ACQUA PANNA ACQUA PANNA - Acqua Panna (Glass Bottle) Natural Spring Wate - 6 x 250ml (New and old packaging sent randomly) 250mlx6
Schweppes - Schweppes - Schweppes Lime Flavoured Sparkling Water (330ml) x 24 - Full Case 330ml,SCHWEPPES,330,24,ml,lime flavoured sparkling water  x,SCHWEPPES Schweppes - Schweppes - Schweppes Lime Flavoured Sparkling Water (330ml) x 24 - Full Case 330ml 330mlx24
KAGOME - [4 Flavors(12 Packs)Tasting] 100% Vegetable & Fruit Mix Juice Paper Pack – 12 x 200ml-Japan Juice,KAGOME,200,12,ml,flavors packstasting  vegetable  fruit mix juice paper pack   x mljapan juice,KAGOME KAGOME - [4 Flavors(12 Packs)Tasting] 100% Vegetable & Fruit Mix Juice Paper Pack – 12 x 200ml-Japan Juice 200mlx12
evian - Evian - French Evian Natural Mineral Water - [Original Box] 24 x 500ml (Plastic Bottles),EVIAN,500,24,ml,french  natural mineral water  original box  x  plastic s,EVIAN evian - Evian - French Evian Natural Mineral Water - [Original Box] 24 x 500ml (Plastic Bottles) 500mlx24
Fever Tree - Fever Tree Elderflower Tonic Water (Green Bottle) 8 x 150ml - Parallel Import EXP:2026-10-30,FEVER TREE,150,8,ml,elderflower tonic water green      exp,FEVER TREE Fever Tree - Fever Tree Elderflower Tonic Water (Green Bottle) 8 x 150ml - Parallel Import EXP:2026-10-30 150mlx8
HeySong - Camellia Green Tea (Sugar Free) 580ml x 24 bottle [食用期: 01/03/2027],HEYSONG,580,24,ml,camellia green tea sugar free,HEYSONG HeySong - Camellia Green Tea (Sugar Free) 580ml x 24 bottle [食用期: 01/03/2027] 580mlx24
SINGHA - Singha Zero Sugar Strawberry Lemon Soda 330ml x 24(EXP:Y/M/D-2026/12+),SINGHA,330,24,ml,zero sugar strawberry lemon soda expymd,SINGHA SINGHA - Singha Zero Sugar Strawberry Lemon Soda 330ml x 24(EXP:Y/M/D-2026/12+) 330mlx24
Fontana - [2 packs] 100% Pineapple Juice - 1L x 2,FONTANA,1,2,l,packs  pineapple juice,FONTANA Fontana - [2 packs] 100% Pineapple Juice - 1L x 2 1lx2
Suntory - Suntory Oolong Tea (No Sugar) Bottled - Full Case 500ml[110236K],SUNTORY,500,15,ml,oolong tea no sugar d    mlk,SUNTORY Suntory - Suntory Oolong Tea (No Sugar) Bottled - Full Case 500ml[110236K] 500mlx15
Perrier - Perrier (Lemon) Natural Sparkling Mineral Water PET Bottle France - Full Case 500ml,PERRIER,500,24,ml,lemon natural sparkling mineral water pet  france,PERRIER Perrier - Perrier (Lemon) Natural Sparkling Mineral Water PET Bottle France - Full Case 500ml 500mlx24
Perrier - Perrier BNP Paribas Lime Flavored Natural Vaporized Mineral Water - Original Case 10x 250mls,PERRIER,250,10,ml,bnp paribas lime flavored natural vaporized mineral water  original  x mls,PERRIER Perrier - Perrier BNP Paribas Lime Flavored Natural Vaporized Mineral Water - Original Case 10x 250mls 250mlx10
Perrier - Perrier (Lime & Ginger) Natural Mineral Water France (Glass Bottle) - Full Case 6x(4x330mL),PERRIER,330,24,ml,lime  ginger natural mineral water france glass     xxml,PERRIER Perrier - Perrier (Lime & Ginger) Natural Mineral Water France (Glass Bottle) - Full Case 6x(4x330mL) 330mlx24
NESCAFÉ - Nescafe Full Roast Coffee - Full case (250ml x 6cans) x 4,NESCAFE,250,6,ml,nescaf    roast coffee     x cans x,NESCAFE NESCAFÉ - Nescafe Full Roast Coffee - Full case (250ml x 6cans) x 4 250mlx6
星巴克 - Blonde Expresso Roast Coffee Capsules (3284) [Applicable to NESCAFÉ® Dolce Gusto® Coffee Machine](C),STARBUCKS,12,1,servings,blonde expresso roast coffee capsules  applicable to nescaf dolce gusto coffee machinec,STARBUCKS 星巴克 - Blonde Expresso Roast Coffee Capsules (3284) [Applicable to NESCAFÉ® Dolce Gusto® Coffee Machine](C) 12servingsx1
Vita - Apple Jasmine Green Tea Drink 500ml (Random Delivery),VITA,500,1,ml,apple jasmine green tea drink,VITA Vita - Apple Jasmine Green Tea Drink 500ml (Random Delivery) 500mlx1
UCC - [New packing 230g] Gold Special Coffee Bean 230g - Special Blend (#158155/啡豆) (Random Delivery),UCC,230,1,g,new   gold special coffee bean   special blend,UCC UCC - [New packing 230g] Gold Special Coffee Bean 230g - Special Blend (#158155/啡豆) (Random Delivery) 230gx1
NESCAFÉ - [Japan Coffee] Excella Sugarless Black Coffee Bottle – 4 Bottles x 900ml-Nescafe - Blue,NESCAFE,900,4,ml,nescaf  japan coffee excella sugarless black coffee    s x   blue,NESCAFE NESCAFÉ - [Japan Coffee] Excella Sugarless Black Coffee Bottle – 4 Bottles x 900ml-Nescafe - Blue 900mlx4
Lotte - [Full Case] Lotte - Trevi Sparkling Water - Lime - 500ml x 20,LOTTE,500,20,ml,trevi sparkling water  lime,LOTTE Lotte - [Full Case] Lotte - Trevi Sparkling Water - Lime - 500ml x 20 500mlx20
ITO EN - [Full Case] Golden Oolong Tea 500ml x 24 4901085614372 expiry 2026/10,ITO EN,500,24,ml,golden oolong tea,ITO EN ITO EN - [Full Case] Golden Oolong Tea 500ml x 24 4901085614372 expiry 2026/10 500mlx24
Vita - Vita - Full Case TSZ Apple and Jasmine (250ml x 6 ) x 4,VITA,250,6,ml,tsz apple and jasmine   x,VITA Vita - Vita - Full Case TSZ Apple and Jasmine (250ml x 6 ) x 4 250mlx6
evian - [Dealer's Goods of HK] [Full Case] 玻璃樽裝 France Evian Natural Mineral Water (330ml X 20) (冇氣),EVIAN,330,20,ml,dealers goods of hk    france  natural mineral water,EVIAN evian - [Dealer's Goods of HK] [Full Case] 玻璃樽裝 France Evian Natural Mineral Water (330ml X 20) (冇氣) 330mlx20
Nongfu Spring - 農夫山泉 東方樹葉 無糖青柑普洱Nongfu Spring Oriental Leaf Sugar-Free Tea Green Mandarin Puer(樽裝)-原箱12x 900毫升,NONGFU SPRING,900,12,ml,oriental leaf sugarfree tea green mandarin puerx,NONGFU SPRING Nongfu Spring - 農夫山泉 東方樹葉 無糖青柑普洱Nongfu Spring Oriental Leaf Sugar-Free Tea Green Mandarin Puer(樽裝)-原箱12x 900毫升 900mlx12
IRIS OHYAMA - IRIS Japanese Mineral water 2L x 6 4967576493000 #fullcase expiry2026/12,IRIS OHYAMA,2000,6,ml,iris japanese mineral water l x,IRIS OHYAMA IRIS OHYAMA - IRIS Japanese Mineral water 2L x 6 4967576493000 #fullcase expiry2026/12 2000mlx6
KOH COCONUT - (Full Case Sales) 100% Coconut Water 1 Litre X 12 Boxes,KOH COCONUT,1,12,litre,sales  coconut water  boxes,KOH COCONUT KOH COCONUT - (Full Case Sales) 100% Coconut Water 1 Litre X 12 Boxes 1litrex12
可口可樂 - Japan Georgia Sugarless Black Coffee Bottled - Full Case 400ml/ Coca Cola / Parallel Import,COCA COLA,400,24,ml,japan georgia sugarless black coffee d,COCA COLA 可口可樂 - Japan Georgia Sugarless Black Coffee Bottled - Full Case 400ml/ Coca Cola / Parallel Import 400mlx24
星巴克 - Vanilla Flavoured Coffee by Nespresso® [Applicable to Nespresso® Coffee Machine][C30] [Random pkg],STARBUCKS,10,1,servings,vanilla flavoured coffee by nespresso applicable to nespresso coffee machinec  pkg,STARBUCKS 星巴克 - Vanilla Flavoured Coffee by Nespresso® [Applicable to Nespresso® Coffee Machine][C30] [Random pkg] 10servingsx1
Volvic - Volvic French Natural Mineral Water -6x1.5 liters x2,VOLVIC,5,6,lx,french natural mineral water x liters x,VOLVIC Volvic - Volvic French Natural Mineral Water -6x1.5 liters x2 5lxx6
"Nongfu Spring - Oriental Leaf Jasmine Tea 500ml×15 - Sugar Free, 0 Cal, Cold Brew Ready (Parallel Import)",NONGFU SPRING,500,15,ml,oriental leaf jasmine tea   sugar free  cal cold brew ready,"NONGFU SPRING Nongfu Spring - Oriental Leaf Jasmine Tea 500ml×15 - Sugar Free, 0 Cal, Cold Brew Ready (Parallel Import) 500mlx15"
BLACK & WHITE - Black & White Full Cream Milk 1L x 12 [Full Box] (4894488009084) expiry 2026/10/01,BLACK & WHITE,1,12,l,cream milk   box,BLACK & WHITE BLACK & WHITE - Black & White Full Cream Milk 1L x 12 [Full Box] (4894488009084) expiry 2026/10/01 1lx12
Fever Tree - Fever Tree Refreshingly Light Tonic Water Mini Can - Full Case 150ml,FEVER TREE,150,24,ml,refreshingly light tonic water mini can,FEVER TREE Fever Tree - Fever Tree Refreshingly Light Tonic Water Mini Can - Full Case 150ml 150mlx24
"San Pellegrino - San Pellegrino sparkling mineral water, plastic bottles (original case),4 x (6 x 500ml)",SAN PELLEGRINO,500,4,ml,sparkling mineral water plastic s original  x  x,"SAN PELLEGRINO San Pellegrino - San Pellegrino sparkling mineral water, plastic bottles (original case),4 x (6 x 500ml) 500mlx4"
Suntory - [Full Case] Suntory Oolong Tea 2L x 6 Bottles 4901777009684 expiry2026/11,SUNTORY,2,6,l,oolong tea  s,SUNTORY Suntory - [Full Case] Suntory Oolong Tea 2L x 6 Bottles 4901777009684 expiry2026/11 2lx6
KIRIN - Kirin [午後の紅茶]-Gogo-No-Kocha Milk Tea Pet Bottle - Full Case 500ml,KIRIN,500,24,ml,gogonokocha milk tea pet,KIRIN KIRIN - Kirin [午後の紅茶]-Gogo-No-Kocha Milk Tea Pet Bottle - Full Case 500ml 500mlx24
IRIS OHYAMA - IRIS Japanese Mineral water 2L x 6 4967576493000 #fullcase expiry 2027/07,IRIS OHYAMA,2000,6,ml,iris japanese mineral water l x,IRIS OHYAMA IRIS OHYAMA - IRIS Japanese Mineral water 2L x 6 4967576493000 #fullcase expiry 2027/07 2000mlx6
KIRIN - [Full Case] Afternoon Tea Lemon Tea 500ml x 24 Random Packaging Expiry 2026/12,KIRIN,500,24,ml,afternoon tea lemon tea,KIRIN KIRIN - [Full Case] Afternoon Tea Lemon Tea 500ml x 24 Random Packaging Expiry 2026/12 500mlx24
TASTAZ - Tastaz Natural Apple Cider Vinegar (with mother ) 20pack*15ml /Rich taste/ Individually packaged,TASTAZ,15,20,ml,natural apple cider vinegar with mother  packml rich taste individually packaged,TASTAZ TASTAZ - Tastaz Natural Apple Cider Vinegar (with mother ) 20pack*15ml /Rich taste/ Individually packaged 15mlx20
Nongfu Spring - [24 bottles] Changbaixue Natural Snow Mountain Mineral Water 350ml x 24 (parallel import)（新舊包裝隨機發送）,NONGFU SPRING,350,24,ml,s changbaixue natural snow mountain mineral water  x,NONGFU SPRING Nongfu Spring - [24 bottles] Changbaixue Natural Snow Mountain Mineral Water 350ml x 24 (parallel import)（新舊包裝隨機發送） 350mlx24
SAN BENEDETTO - San Benedetto Sparkling Natural Mineral Water Italy【English version】 - Full Case 6x1.5L,SAN BENEDETTO,5,6,l,sparkling natural mineral water italyenglish version,SAN BENEDETTO SAN BENEDETTO - San Benedetto Sparkling Natural Mineral Water Italy【English version】 - Full Case 6x1.5L 5lx6
DyDo - [Japan Coffee]-DyDo Barista Choice Low Suger Coffee Bottled - Full Case 260g (Random Packing),DYDO,260,24,g,japan coffee barista choice low suger coffee d,DYDO DyDo - [Japan Coffee]-DyDo Barista Choice Low Suger Coffee Bottled - Full Case 260g (Random Packing) 260gx24
Vittel - Vittel Natural Mineral Water Original Case (500ml x 24) | Balanced Minerals | Parallel Import,VITTEL,500,24,ml,natural mineral water original   x   balanced minerals,VITTEL Vittel - Vittel Natural Mineral Water Original Case (500ml x 24) | Balanced Minerals | Parallel Import 500mlx24
OKIHAM - Okiham  Okinawa 100% Citrus Lemon Juice No added Shikwasa juice  500ml   Parallel imported,OKIHAM,500,1,ml,okinawa  citrus lemon juice no added shikwasa juice      ed,OKIHAM OKIHAM - Okiham  Okinawa 100% Citrus Lemon Juice No added Shikwasa juice  500ml   Parallel imported 500mlx1
Mindful Sparks - Prestige Sparkling Yuzu Genmaicha 245ml (Full Case 12 Bottles) (Healthy Tea),MINDFUL SPARKS,245,12,ml,prestige sparkling yuzu genmaicha     s healthy tea,MINDFUL SPARKS Mindful Sparks - Prestige Sparkling Yuzu Genmaicha 245ml (Full Case 12 Bottles) (Healthy Tea) 245mlx12
UCC - Cold Brew Black Coffee PET 500ml x 24 Bottles (#156738) (Random Delivery),UCC,500,24,ml,cold brew black coffee pet  x  s,UCC UCC - Cold Brew Black Coffee PET 500ml x 24 Bottles (#156738) (Random Delivery) 500mlx24
CHI FOREST - CHI FOREST Red bean Barley Drink 500ml x 6 - Parallel Import,CHI FOREST,500,6,ml,red bean barley drink  x,CHI FOREST CHI FOREST - CHI FOREST Red bean Barley Drink 500ml x 6 - Parallel Import 500mlx6
COOL - CoolWater - Cool Purified Water - Full Case (750ml x 24) (Random allocation of old/new version),COOL,750,24,ml,water   purified water     x   allocation of oldnew version,COOL COOL - CoolWater - Cool Purified Water - Full Case (750ml x 24) (Random allocation of old/new version) 750mlx24
SANGARIA - SANGARIA [Japan Green Tea] Your Strong Green Tea Sugarless Bottle – Full Case 500ml,SANGARIA,500,24,ml,japan green tea your strong green tea sugarless,SANGARIA SANGARIA - SANGARIA [Japan Green Tea] Your Strong Green Tea Sugarless Bottle – Full Case 500ml 500mlx24
watsons - [Full case] Pure Distilled Water (280ml X 35),WATSONS,280,35,ml,pure distilled water,WATSONS watsons - [Full case] Pure Distilled Water (280ml X 35) 280mlx35
ITO EN - [Full Case] Golden Oolong Tea 500ml x 24 4901085614372 expiry 10/2026,ITO EN,500,24,ml,golden oolong tea,ITO EN ITO EN - [Full Case] Golden Oolong Tea 500ml x 24 4901085614372 expiry 10/2026 500mlx24
"Mezzanine Makers - Lemon Iron Buddha Sparkling Tea 330ml (Full Case 24 Cans) (Hong Kong Brand, Made in Hong Kong)",MEZZANINE MAKERS,330,24,ml,lemon iron buddha sparkling tea     cans hong kong brand made in hong kong,"MEZZANINE MAKERS Mezzanine Makers - Lemon Iron Buddha Sparkling Tea 330ml (Full Case 24 Cans) (Hong Kong Brand, Made in Hong Kong) 330mlx24"
Pokka  Sapporo - Chelated Lemon Drinks MUKUMI 155ml x 24 (Full Case),POKKA  SAPPORO,155,24,ml,chelated lemon drinks mukumi,POKKA  SAPPORO Pokka  Sapporo - Chelated Lemon Drinks MUKUMI 155ml x 24 (Full Case) 155mlx24
7up - 7 UP FREE LEMON CLEMENTINE 330ML x 24 Cans,7UP,330,24,ml,up free lemon clementine cans,7UP 7up - 7 UP FREE LEMON CLEMENTINE 330ML x 24 Cans 330mlx24
Nature's Superfoods - Organic Freeze Dried Acai Berry Powder 90g (Freeze-Dried)｜VeganGluten-free,NATURE'S SUPERFOODS,90,1,g,organic freeze dried acai berry powder  freezedriedveganglutenfree,NATURE'S SUPERFOODS Nature's Superfoods - Organic Freeze Dried Acai Berry Powder 90g (Freeze-Dried)｜VeganGluten-free 90gx1
Red Bull - Red Bull Energy Drink Austria - Full Case 250ml Random Packing,RED BULL,250,24,ml,energy drink austria,RED BULL Red Bull - Red Bull Energy Drink Austria - Full Case 250ml Random Packing 250mlx24
CR C'ESTBON - 原箱 怡寶飲用純水 原箱 12x1555ml #85993220 Cestbon Purified Drinking Water #怡寶水 #露營必須水,CR C'ESTBON,1555,12,ml,cestbon purified drinking water,CR C'ESTBON CR C'ESTBON - 原箱 怡寶飲用純水 原箱 12x1555ml #85993220 Cestbon Purified Drinking Water #怡寶水 #露營必須水 1555mlx12
evian - Natural Mineral Water( Dealer Goods of Hong Kong) Full Case (500ml) x 24,EVIAN,500,24,ml,natural mineral water dealer goods of hong kong    x,EVIAN evian - Natural Mineral Water( Dealer Goods of Hong Kong) Full Case (500ml) x 24 500mlx24
MORIYAMA - 【Full Case】Cocoa Paper Pack (1000g) ×6 boxs(4902837200157) Chocolate Milk【parallel import】,MORIYAMA,1000,6,g,cocoa paper pack   boxs chocolate milk,MORIYAMA MORIYAMA - 【Full Case】Cocoa Paper Pack (1000g) ×6 boxs(4902837200157) Chocolate Milk【parallel import】 1000gx6
星巴克 - Latte Macchiato by NESCAFÉ® [Applicable to NESCAFÉ® Dolce Gusto® ](C),STARBUCKS,12,1,servings,latte macchiato by nescaf applicable to nescaf dolce gusto c,STARBUCKS 星巴克 - Latte Macchiato by NESCAFÉ® [Applicable to NESCAFÉ® Dolce Gusto® ](C) 12servingsx1
Fever Tree - Fever Tree Premium Indian Tonic Water Mini Can - Full Case 150ml,FEVER TREE,150,24,ml,premium indian tonic water mini can,FEVER TREE Fever Tree - Fever Tree Premium Indian Tonic Water Mini Can - Full Case 150ml 150mlx24
"Asahi -  Asahi [Japan Tea]-Jurokucha Barly Tea Pet Bottle - Full Case 2L, Parallel Import",ASAHI,2,6,ltr,japan teajurokucha barly tea pet     l,"ASAHI Asahi -  Asahi [Japan Tea]-Jurokucha Barly Tea Pet Bottle - Full Case 2L, Parallel Import 2ltrx6"
NESCAFÉ Dolce Gusto - [8712]Grande Intenso Capsule [Applicable to NESCAFÉ® Dolce Gusto® Coffee Machine],NESCAFE DOLCE GUSTO,16,1,servings,nescaf dolce gusto  grande intenso capsule applicable to nescaf dolce gusto coffee machine,NESCAFE DOLCE GUSTO NESCAFÉ Dolce Gusto - [8712]Grande Intenso Capsule [Applicable to NESCAFÉ® Dolce Gusto® Coffee Machine] 16servingsx1
SANGARIA - SANGARIA [Japan Green Tea] Your Matcha Brown Rice Tea Sugarless Bottle – Full Case 500ml,SANGARIA,500,24,ml,japan green tea your matcha brown rice tea sugarless,SANGARIA SANGARIA - SANGARIA [Japan Green Tea] Your Matcha Brown Rice Tea Sugarless Bottle – Full Case 500ml 500mlx24
Fever Tree - Fever Tree Light Mediterranean Tonic Water (Blue Bottle) (Original Box)(150mlx8)x3 - Parallel Import,FEVER TREE,150,24,ml,light mediterranean tonic water blue  original boxmlxx,FEVER TREE Fever Tree - Fever Tree Light Mediterranean Tonic Water (Blue Bottle) (Original Box)(150mlx8)x3 - Parallel Import 150mlx24
Sanitarium - So Good Regular Soy Milk 1L,SANITARIUM,1,1,l,so good regular soy milk,SANITARIUM Sanitarium - So Good Regular Soy Milk 1L 1lx1
KAGOME - Kagome Japan Made 100% Vegetable Fruit Mix Juice Apple Salad Paper Pack - Full Case 200ml - 0183,KAGOME,200,24,ml,japan made  vegetable fruit mix juice apple salad paper pack,KAGOME KAGOME - Kagome Japan Made 100% Vegetable Fruit Mix Juice Apple Salad Paper Pack - Full Case 200ml - 0183 200mlx24
ACQUA PANNA - Acqua Panna (Glass Bottle) Natural Spring Water Italy - Full Case 4x(6x250mL)(Random Packing),ACQUA PANNA,250,24,ml,glass  natural spring water italy    xxml,ACQUA PANNA ACQUA PANNA - Acqua Panna (Glass Bottle) Natural Spring Water Italy - Full Case 4x(6x250mL)(Random Packing) 250mlx24
Perrier - Perrier Paris Natural Gas Mineral Water (Canned) - Original Box 24x 330ml (Gas) Parallel Imported,PERRIER,330,24,ml,paris natural gas mineral water canned  original box x  gas  ed,PERRIER Perrier - Perrier Paris Natural Gas Mineral Water (Canned) - Original Box 24x 330ml (Gas) Parallel Imported 330mlx24
Member's Mark - Sam's Club Authentic Classic Italian Blended Coffee Beans 1kg X1 Bag Sam's Supermarket Home Coffee B,MEMBER'S MARK,1000,1,g,sams club authentic classic italian blended coffee beans kg x bag sams supermarket home coffee b,MEMBER'S MARK Member's Mark - Sam's Club Authentic Classic Italian Blended Coffee Beans 1kg X1 Bag Sam's Supermarket Home Coffee B 1000gx1
Tao Ti - Tao Ti Supreme Jasmine Flavour Green Tea - Full Case (250ml x 6) x 4,TAO TI,250,6,ml,supreme jasmine flavour green tea     x,TAO TI Tao Ti - Tao Ti Supreme Jasmine Flavour Green Tea - Full Case (250ml x 6) x 4 250mlx6
MOUTON CADET - RED WINE 武當 法國波爾多紅酒  MOUTON CADET ROUGE BORDEAUX 750ml #51001757 #年份會因應實際貨存情況而有所不同 #FRANCE#新舊包裝隨機發貨,MOUTON CADET,750,1,ml,red wine     rouge bordeaux,MOUTON CADET MOUTON CADET - RED WINE 武當 法國波爾多紅酒  MOUTON CADET ROUGE BORDEAUX 750ml #51001757 #年份會因應實際貨存情況而有所不同 #FRANCE#新舊包裝隨機發貨 750mlx1
evian - [Dealer's Goods of HK] [Full Case] 罐裝 France Sparkling Natural Mineral Water (330ml X 24),EVIAN,330,24,ml,dealers goods of hk    france sparkling natural mineral water,EVIAN evian - [Dealer's Goods of HK] [Full Case] 罐裝 France Sparkling Natural Mineral Water (330ml X 24) 330mlx24
You C1000 - You C1000 Vitamin Lemon Flavored Health Drink (Glass Bottle) -6x140ml Parallel Imported,YOU C1000,140,6,ml,vitamin lemon flavored health drink glass    ed,YOU C1000 You C1000 - You C1000 Vitamin Lemon Flavored Health Drink (Glass Bottle) -6x140ml Parallel Imported 140mlx6
SINGHA - (Glass Bottle) Singha Soda Water - Full Case 325ml (Random Packing),SINGHA,325,24,ml,glass   soda water,SINGHA SINGHA - (Glass Bottle) Singha Soda Water - Full Case 325ml (Random Packing) 325mlx24
San Pellegrino - (Glass Bottle) Mineral Sparkling Water Italy -Full Case 750ml,SAN PELLEGRINO,750,12,ml,glass  mineral sparkling water italy,SAN PELLEGRINO San Pellegrino - (Glass Bottle) Mineral Sparkling Water Italy -Full Case 750ml 750mlx12
evian - Evian [Hong Kong licensed] - French Evian natural mineral water - original box 24x 500ml,EVIAN,500,24,ml,hong kong licensed  french  natural mineral water  original box x,EVIAN evian - Evian [Hong Kong licensed] - French Evian natural mineral water - original box 24x 500ml 500mlx24
UCC - BlendMilkCoffer185ml x 30pcs,UCC,185,30,ml,blendmilkcofferpcs,UCC UCC - BlendMilkCoffer185ml x 30pcs 185mlx30
Schweppes - Schweppes Grapefruit-Flavored Soda - 6 x 330ml [Hong Kong Version] (Random Packing),SCHWEPPES,330,6,ml,grapefruitflavored soda   x  hong kong version,SCHWEPPES Schweppes - Schweppes Grapefruit-Flavored Soda - 6 x 330ml [Hong Kong Version] (Random Packing) 330mlx6
星巴克 - Cappuccino Coffee Capsules [Applicable to NESCAFÉ® Dolce Gusto® Coffee Machine],STARBUCKS,12,1,servings,cappuccino coffee capsules applicable to nescaf dolce gusto coffee machine,STARBUCKS 星巴克 - Cappuccino Coffee Capsules [Applicable to NESCAFÉ® Dolce Gusto® Coffee Machine] 12servingsx1
POKKA SAPPORO - [Japan Made] Hokkaido (Sugarless/Caffeine Free) Roasted Corn Tea Bottle – 6 Bottles x 525ml,POKKA SAPPORO,525,6,ml,japan made hokkaido sugarlesscaffeine free roasted corn tea    s x,POKKA SAPPORO POKKA SAPPORO - [Japan Made] Hokkaido (Sugarless/Caffeine Free) Roasted Corn Tea Bottle – 6 Bottles x 525ml 525mlx6
Nongfu Spring - Nongfu Spring Oriental Leaf Sugar-Free Tea Green Mandarin Puer Bottled - Full Case 500ml,NONGFU SPRING,500,15,ml,oriental leaf sugarfree tea green mandarin puer d,NONGFU SPRING Nongfu Spring - Nongfu Spring Oriental Leaf Sugar-Free Tea Green Mandarin Puer Bottled - Full Case 500ml 500mlx15
Unleash'd ORGANIC - Organic Raspberry Juice Powder 1LB(453g) Green Superfood Support Nutrient-Dense Supplement,UNLEASH'D ORGANIC,1,1,lb,organic raspberry juice powder lbg green superfood support nutrientdense supplement,UNLEASH'D ORGANIC Unleash'd ORGANIC - Organic Raspberry Juice Powder 1LB(453g) Green Superfood Support Nutrient-Dense Supplement 1lbx1
Mindful Sparks - Prestige Sparkling White Peach Earl Grey Tea 245ml (Full Case 12 Bottles) (Healthy Tea),MINDFUL SPARKS,245,12,ml,prestige sparkling white peach earl grey tea     s healthy tea,MINDFUL SPARKS Mindful Sparks - Prestige Sparkling White Peach Earl Grey Tea 245ml (Full Case 12 Bottles) (Healthy Tea) 245mlx12
Hang Tak Hong - France Rose 75g 新舊包裝隨機發送,HANG TAK HONG,75,1,g,france rose,HANG TAK HONG Hang Tak Hong - France Rose 75g 新舊包裝隨機發送 75gx1
AGF - Café Latory - Bitter Cafe Latte 9g x 18 sticks (#837164/啡) (Parallel Import),AGF,9,18,g,caf latory  bitter cafe latte  x  sticks,AGF AGF - Café Latory - Bitter Cafe Latte 9g x 18 sticks (#837164/啡) (Parallel Import) 9gx18
Nongfu Spring - Nongfu Spring [Hong Kong Official Version Paper Case] Natural Water -Full Case 5L x 4,NONGFU SPRING,5,4,l,hong kong official version paper  natural water    x,NONGFU SPRING Nongfu Spring - Nongfu Spring [Hong Kong Official Version Paper Case] Natural Water -Full Case 5L x 4 5lx4
MAMA'S WORKSHOP - Chuanbei and Chenpi rock sugar stewed lemon (7 bottles x 310mL),MAMA'S WORKSHOP,310,7,ml,chuanbei and chenpi rock sugar stewed lemon  s x,MAMA'S WORKSHOP MAMA'S WORKSHOP - Chuanbei and Chenpi rock sugar stewed lemon (7 bottles x 310mL) 310mlx7
ACQUA PANNA - Acqua Panna Italian Natural Spring Wate 6x250ml Glass Bottles | Old/New Pack Random,ACQUA PANNA,250,6,ml,italian natural spring wate  glass s  oldnew pack,ACQUA PANNA ACQUA PANNA - Acqua Panna Italian Natural Spring Wate 6x250ml Glass Bottles | Old/New Pack Random 250mlx6
Asahi - Asahi Wonda Kokunohukami Cafe Au Lait Bottler Can 370g x 24pcs [Parallel Import] [Random Packing],ASAHI,370,24,g,wonda kokunohukami cafe au lait r can pcs,ASAHI Asahi - Asahi Wonda Kokunohukami Cafe Au Lait Bottler Can 370g x 24pcs [Parallel Import] [Random Packing] 370gx24
evian - Evian Natural Mineral Water from France -6x1.5 liters in original box (randomly sent in parallel imp,EVIAN,5,6,l,natural mineral water from france x liters in original box ly sent in  imp,EVIAN evian - Evian Natural Mineral Water from France -6x1.5 liters in original box (randomly sent in parallel imp 5lx6
Nongfu Spring - Oriental Leaf Sugar free Green Citrus Pu'er (Bottled) -6x500ml (Parallel Imported),NONGFU SPRING,500,6,ml,oriental leaf sugar free green citrus puer d   ed,NONGFU SPRING Nongfu Spring - Oriental Leaf Sugar free Green Citrus Pu'er (Bottled) -6x500ml (Parallel Imported) 500mlx6
Volvic - Volvic Natural Mineral Water France - 6 x 500ml (Random Packing),VOLVIC,500,6,ml,natural mineral water france   x,VOLVIC Volvic - Volvic Natural Mineral Water France - 6 x 500ml (Random Packing) 500mlx6
KIRIN - Kirin [Japan Tea]-Nama-Cha Hojisencha Bottled - Full Case 525ml-Green Tea,KIRIN,525,24,ml,japan teanamacha hojisencha d    mlgreen tea,KIRIN KIRIN - Kirin [Japan Tea]-Nama-Cha Hojisencha Bottled - Full Case 525ml-Green Tea 525mlx24
Nongfu Spring - Nongfu Spring Natural Mineral Water (HK Version) 12x1.5L｜Natural & Healthy Premium Source,NONGFU SPRING,5,12,l,natural mineral water hk version natural  healthy premium source,NONGFU SPRING Nongfu Spring - Nongfu Spring Natural Mineral Water (HK Version) 12x1.5L｜Natural & Healthy Premium Source 5lx12
CR C'ESTBON - C'estbon Purified Drinking Water - Full Case 4.5L X 4,CR C'ESTBON,5,4,l,cestbon purified drinking water     x,CR C'ESTBON CR C'ESTBON - C'estbon Purified Drinking Water - Full Case 4.5L X 4 5lx4
Suntory - 原箱 茶 日本版Suntory Oolong Tea三得利 烏龍茶 原箱 (6x2L) #FUP2R #新舊包裝隨機發送,SUNTORY,2,6,l,oolong tea,SUNTORY Suntory - 原箱 茶 日本版Suntory Oolong Tea三得利 烏龍茶 原箱 (6x2L) #FUP2R #新舊包裝隨機發送 2lx6
Authentic Tea House - 原箱 淳茶舍銀毫茉莉綠茶飲料(無糖) 原箱(24x250ml)#2939 Yinhao Jasmine Green Tea(No Sugar)#Random for old/new packaging,AUTHENTIC TEA HOUSE,250,24,ml,yinhao jasmine green teano sugar for oldnew,AUTHENTIC TEA HOUSE Authentic Tea House - 原箱 淳茶舍銀毫茉莉綠茶飲料(無糖) 原箱(24x250ml)#2939 Yinhao Jasmine Green Tea(No Sugar)#Random for old/new packaging 250mlx24
CR C'ESTBON - Cestbon Purified Drinking Water - [Full Case]555ml x 24 Bottles,CR C'ESTBON,555,24,ml,cestbon purified drinking water    x  s,CR C'ESTBON CR C'ESTBON - Cestbon Purified Drinking Water - [Full Case]555ml x 24 Bottles 555mlx24
Schweppes - Schweppes Sparkling Soda Water 320ml x 6 Cans(Film-Wrapped) | Parallel Import (Random Packaging),SCHWEPPES,320,6,ml,sparkling soda water  x  cansfilmwrapped,SCHWEPPES Schweppes - Schweppes Sparkling Soda Water 320ml x 6 Cans(Film-Wrapped) | Parallel Import (Random Packaging) 320mlx6
Robiff - Robiff Oolong Tea_ Full Case (900ml x 12),ROBIFF,900,12,ml,oolong tea_,ROBIFF Robiff - Robiff Oolong Tea_ Full Case (900ml x 12) 900mlx12
Perrier - Sparkling Natural Mineral Water Bottle (Glass) 330ml x 4,PERRIER,330,4,ml,sparkling natural mineral water  glass,PERRIER Perrier - Sparkling Natural Mineral Water Bottle (Glass) 330ml x 4 330mlx4
Nongfu Spring - Nongfu Spring - Natural Water - Full Case 4x5L,NONGFU SPRING,5,4,l,natural water,NONGFU SPRING Nongfu Spring - Nongfu Spring - Natural Water - Full Case 4x5L 5lx4
POCARI SWEAT - Pocari Sweat -Full case 350ml x 24 (Parallel Imported Products),POCARI SWEAT,350,24,ml,ed products,POCARI SWEAT POCARI SWEAT - Pocari Sweat -Full case 350ml x 24 (Parallel Imported Products) 350mlx24
Vittel - [12PCS] France Vittel Natural Mineral Water 1.5L 7613036249928 #Vittel #MineralWater,VITTEL,1500,12,ml,pcs france  natural mineral water l,VITTEL Vittel - [12PCS] France Vittel Natural Mineral Water 1.5L 7613036249928 #Vittel #MineralWater 1500mlx12
星巴克 - Veranda Blend™ Americano Coffee Capsules [Applicable to NESCAFÉ® Dolce Gusto® Coffee Machine](C),STARBUCKS,12,1,servings,veranda blend americano coffee capsules applicable to nescaf dolce gusto coffee machinec,STARBUCKS 星巴克 - Veranda Blend™ Americano Coffee Capsules [Applicable to NESCAFÉ® Dolce Gusto® Coffee Machine](C) 12servingsx1
可口可樂 - Full case - Coca cola no sugar mini cans (200ml X 6) X 4,COCA COLA,200,6,ml,no sugar mini cans  x  x,COCA COLA 可口可樂 - Full case - Coca cola no sugar mini cans (200ml X 6) X 4 200mlx6
ACQUA PANNA - 原箱 行貨 ACQUA PANNA 意大利天然泉水 原箱 (膠樽裝 -12x1L) #15465263 Spring Water #行貨 #新貨,ACQUA PANNA,1,12,l,spring water,ACQUA PANNA ACQUA PANNA - 原箱 行貨 ACQUA PANNA 意大利天然泉水 原箱 (膠樽裝 -12x1L) #15465263 Spring Water #行貨 #新貨 1lx12
Boring - Boring Barista Oat Milk  【1支】 Best before 5 March 2026 or 15 Nov 2026,BORING,1,1,l,barista oat milk   best before  march  or  nov,BORING Boring - Boring Barista Oat Milk  【1支】 Best before 5 March 2026 or 15 Nov 2026 1lx1
"iF - IF 100% Coconut Water (Bottle) 12x 350ml｜#1 Best Seller, Natural Electrolytes",IF,350,12,ml,coconut water  x  best seller natural electrolytes,"IF iF - IF 100% Coconut Water (Bottle) 12x 350ml｜#1 Best Seller, Natural Electrolytes 350mlx12"
Vitasoy - Vitasoy - Full Case Malted Soya Bean Milk 250ml (250ml x 6 ) x 4,VITASOY,250,6,ml,malted soya bean milk    x,VITASOY Vitasoy - Vitasoy - Full Case Malted Soya Bean Milk 250ml (250ml x 6 ) x 4 250mlx6
Bonaqua - 原箱 飛雪無招紙礦物質水 原箱(24x600ml)太古可口可樂 Bonaqua Label-less Mineralized Water Swire Coca Cola#新舊包裝隨機發貨,BONAQUA,600,24,ml,labelless mineralized water swire coca cola,BONAQUA Bonaqua - 原箱 飛雪無招紙礦物質水 原箱(24x600ml)太古可口可樂 Bonaqua Label-less Mineralized Water Swire Coca Cola#新舊包裝隨機發貨 600mlx24
SAN BENEDETTO - San Benedetto Natural Mineral Water Italy - Full Case 1.5L[130023B] (Random Packing),SAN BENEDETTO,5,6,l,natural mineral water italy    lb,SAN BENEDETTO SAN BENEDETTO - San Benedetto Natural Mineral Water Italy - Full Case 1.5L[130023B] (Random Packing) 5lx6
UCC - UCC [Japan Coffee] Decaffeinated Delicious Instant Coffee Powder 45gm / Parallel Import,UCC,45,1,gm,japan coffee decaffeinated delicious instant coffee powder,UCC UCC - UCC [Japan Coffee] Decaffeinated Delicious Instant Coffee Powder 45gm / Parallel Import 45gmx1
星巴克 - Caramel Macchiato Coffee Capsules [Applicable to NESCAFÉ® Dolce Gusto® Coffee Machine],STARBUCKS,12,1,servings,caramel macchiato coffee capsules applicable to nescaf dolce gusto coffee machine,STARBUCKS 星巴克 - Caramel Macchiato Coffee Capsules [Applicable to NESCAFÉ® Dolce Gusto® Coffee Machine] 12servingsx1
POCARI SWEAT - Ion Supply Drink Bottled [Parallel Goods] - Full Case 350ml[110134C],POCARI SWEAT,350,24,ml,ion supply drink d  goods    mlc,POCARI SWEAT POCARI SWEAT - Ion Supply Drink Bottled [Parallel Goods] - Full Case 350ml[110134C] 350mlx24
Vita - [Full case] Distilled Water (430ml X 24),VITA,430,24,ml,distilled water,VITA Vita - [Full case] Distilled Water (430ml X 24) 430mlx24
CR C'ESTBON - C'estbon Drinking Pure Water (Hong Kong version) (Original Case) 12 x 1.55 liters,CR C'ESTBON,55,12,ml,cestbon drinking pure water hong kong version original   x  liters,CR C'ESTBON CR C'ESTBON - C'estbon Drinking Pure Water (Hong Kong version) (Original Case) 12 x 1.55 liters 55mlx12
可口可樂 - Full case - Coca cola Plus Dietary fiber (330ml X 8) X 3,COCA COLA,330,3,ml,plus dietary fiber  x  x,COCA COLA 可口可樂 - Full case - Coca cola Plus Dietary fiber (330ml X 8) X 3 330mlx3
Nongfu Spring - Nongfu Spring Oriental Leaf Sugar free Oolong Tea (HK Version)-Full Case 15x 500ml,NONGFU SPRING,500,15,ml,oriental leaf sugar free oolong tea hk version  x,NONGFU SPRING Nongfu Spring - Nongfu Spring Oriental Leaf Sugar free Oolong Tea (HK Version)-Full Case 15x 500ml 500mlx15
Lotte - [Full Case] ICIS Water PH8.0 - 500ml x 20,LOTTE,500,20,ml,icis water ph,LOTTE Lotte - [Full Case] ICIS Water PH8.0 - 500ml x 20 500mlx20
星巴克 - Caramel Flavored Coffee [Applicable to Nespresso Coffee Machine] [C30] [Random Packaging],STARBUCKS,10,1,servings,caramel flavored coffee applicable to nespresso coffee machine c,STARBUCKS 星巴克 - Caramel Flavored Coffee [Applicable to Nespresso Coffee Machine] [C30] [Random Packaging] 10servingsx1
"OATLY! - Oatly Barista Oat Drink【Made in UK】  - 6x1L (Vegan, Low-Fat, Lactose-Free)（Made in UK）EXP:2027-02",OATLY!,1,6,l,oatly barista oat drinkmade in uk    vegan lowfat lactosefreemade in ukexp,"OATLY! OATLY! - Oatly Barista Oat Drink【Made in UK】  - 6x1L (Vegan, Low-Fat, Lactose-Free)（Made in UK）EXP:2027-02 1lx6"
San Pellegrino - S.PELLECRINO Glass Bottles - 24 x 505ml Sparkling Natural Mineral Water in Original Box,SAN PELLEGRINO,505,24,ml,spellecrino glass s   x  sparkling natural mineral water in original box,SAN PELLEGRINO San Pellegrino - S.PELLECRINO Glass Bottles - 24 x 505ml Sparkling Natural Mineral Water in Original Box 505mlx24
Fontana - [2 packs] 100% Orange Juice - 1L x 2,FONTANA,1,2,l,packs  orange juice,FONTANA Fontana - [2 packs] 100% Orange Juice - 1L x 2 1lx2
Red Bull - Red Bull Energy Drink [4 cans] (4x250ml) parallel imported,RED BULL,250,4,ml,energy drink  cans xml  ed,RED BULL Red Bull - Red Bull Energy Drink [4 cans] (4x250ml) parallel imported 250mlx4
iF - if - Full case Coconut Water with Coconut Pulp (350ml) x 24,IF,350,24,ml,coconut water with coconut pulp  x,IF iF - if - Full case Coconut Water with Coconut Pulp (350ml) x 24 350mlx24
Asahi - Asahi [Japan Coffee]-Wonda Koku-No-Fukami Rich Café Au Lait Coffee Bottled - 6 Bottles x 370gm,ASAHI,370,6,gm,japan coffeewonda kokunofukami rich caf au lait coffee d   s x,ASAHI Asahi - Asahi [Japan Coffee]-Wonda Koku-No-Fukami Rich Café Au Lait Coffee Bottled - 6 Bottles x 370gm 370gmx6
Asahi - PLUS Calpis Sleep & Intestinal Care Yogurt drink 200ml x 6,ASAHI,200,6,ml,plus calpis sleep  intestinal care yogurt drink,ASAHI Asahi - PLUS Calpis Sleep & Intestinal Care Yogurt drink 200ml x 6 200mlx6
REMEDY - 【4CAN】Organic Kombucha Wild Berry (At least 60 days shelf life),REMEDY,250,4,ml,canorganic kombucha wild berry at least  days shelf life,REMEDY REMEDY - 【4CAN】Organic Kombucha Wild Berry (At least 60 days shelf life) 250mlx4
Shirakami - Shirakami Mountain Mineral Water 2L Bottle x6 (1 Box),SHIRAKAMI,2,6,l,mountain mineral water   x  box,SHIRAKAMI Shirakami - Shirakami Mountain Mineral Water 2L Bottle x6 (1 Box) 2lx6
Nongfu Spring - Nongfu Spring Oriental Leaf Sugar-Free Jasmine Tea Bottled- Full Case 15x500ml (Hong Kong version),NONGFU SPRING,500,15,ml,oriental leaf sugarfree jasmine tea d    hong kong version,NONGFU SPRING Nongfu Spring - Nongfu Spring Oriental Leaf Sugar-Free Jasmine Tea Bottled- Full Case 15x500ml (Hong Kong version) 500mlx15
SANGARIA - SANGARIA [Japan Tea] Your Fragrant Barley Tea Sugarless Bottle – 6 Bottles x 600ml,SANGARIA,600,6,ml,japan tea your fragrant barley tea sugarless    s x,SANGARIA SANGARIA - SANGARIA [Japan Tea] Your Fragrant Barley Tea Sugarless Bottle – 6 Bottles x 600ml 600mlx6
"San Pellegrino - San Pellegrino Sparkling Aranciata (Orange) (Glass Bottle) - Full Case 200ml(Expiry Date: Jan,27)",SAN PELLEGRINO,200,24,ml,sparkling aranciata orange glass      date jan,"SAN PELLEGRINO San Pellegrino - San Pellegrino Sparkling Aranciata (Orange) (Glass Bottle) - Full Case 200ml(Expiry Date: Jan,27) 200mlx24"
星巴克 - Starbucks Single-Origin Guatemala [5565]  [Nespresso® Coffee Machine] [D53],STARBUCKS,10,1,servings,singleorigin guatemala   nespresso coffee machine d,STARBUCKS 星巴克 - Starbucks Single-Origin Guatemala [5565]  [Nespresso® Coffee Machine] [D53] 10servingsx1
Ligo - [Full Case] LIGO - Direct From Europe - 100% Natural Pineapple Juice - 1L x 12,LIGO,1,12,l,direct from europe   natural pineapple juice,LIGO Ligo - [Full Case] LIGO - Direct From Europe - 100% Natural Pineapple Juice - 1L x 12 1lx12
POCARI SWEAT - Full case 330mlx 24 cans (Parallel Imported Products),POCARI SWEAT,330,24,ml,cans  ed products,POCARI SWEAT POCARI SWEAT - Full case 330mlx 24 cans (Parallel Imported Products) 330mlx24
Suntory - Suntory Japan - Goma Mugicha Tea Bottle – Full Case 1.05L,SUNTORY,1050,12,ml,japan  goma mugicha tea     l,SUNTORY Suntory - Suntory Japan - Goma Mugicha Tea Bottle – Full Case 1.05L 1050mlx12
加多寶 - JDB Herbal Tea Drink (Canned) - [Original Box of 24 Cans] 24x310ml - Parallel Import,JIA DUO BAO,310,24,ml,jdb herbal tea drink canned  original box of  cans,JIA DUO BAO 加多寶 - JDB Herbal Tea Drink (Canned) - [Original Box of 24 Cans] 24x310ml - Parallel Import 310mlx24
可口可樂 - Coca-Cola plus Sugar-Free Cola Soda - Original Box of 3x(8x330mL) White Cans,COCA COLA,3,8,x,cocacola plus sugarfree cola soda  original box of xxml white cans,COCA COLA 可口可樂 - Coca-Cola plus Sugar-Free Cola Soda - Original Box of 3x(8x330mL) White Cans 3xx8
ViviCosì - Low-Sugar Low-Fat Low-Salt Gluten-Free Almond Milk Plant Drink 1000ml | Added Calcium & Vitamins,VIVICOS,1,1,l,lowsugar lowfat lowsalt glutenfree almond milk plant drink ml  added calcium  vitamins,VIVICOS ViviCosì - Low-Sugar Low-Fat Low-Salt Gluten-Free Almond Milk Plant Drink 1000ml | Added Calcium & Vitamins 1lx1
NESCAFÉ Dolce Gusto - [B]Americano Rich Aroma Capsule [Applicable to NESCAFÉ® Dolce Gusto® Coffee Machine] [C33],NESCAFE DOLCE GUSTO,16,1,servings,nescaf dolce gusto  bamericano rich aroma capsule applicable to nescaf dolce gusto coffee machine c,NESCAFE DOLCE GUSTO NESCAFÉ Dolce Gusto - [B]Americano Rich Aroma Capsule [Applicable to NESCAFÉ® Dolce Gusto® Coffee Machine] [C33] 16servingsx1
SOC - ONSENSUI99 Healthy SPRING WATER (Mineral Water) 2L x 6 (Full Case),SOC,2,6,l,onsensui healthy spring water mineral water,SOC SOC - ONSENSUI99 Healthy SPRING WATER (Mineral Water) 2L x 6 (Full Case) 2lx6
Vita - Vita - Full Case Lemon Tea Low Sugar (250ml x 6 ) x 4,VITA,250,6,ml,lemon tea low sugar   x,VITA Vita - Vita - Full Case Lemon Tea Low Sugar (250ml x 6 ) x 4 250mlx6
"Hokkaido Dairy Products - 原箱 北海道乳業日本霧島山麓牛乳 原箱 (24x200ml)#100018 生乳100% #Best before 28,SEP,2026#新舊包裝隨機發貨",HOKKAIDO DAIRY PRODUCTS,200,24,ml,before sep,"HOKKAIDO DAIRY PRODUCTS Hokkaido Dairy Products - 原箱 北海道乳業日本霧島山麓牛乳 原箱 (24x200ml)#100018 生乳100% #Best before 28,SEP,2026#新舊包裝隨機發貨 200mlx24"
"NESCAFÉ - Nescafe Gold Instant Coffee Powder Germany, 200gm",NESCAFE,200,1,g,nescaf   gold instant coffee powder germany m,"NESCAFE NESCAFÉ - Nescafe Gold Instant Coffee Powder Germany, 200gm 200gx1"
Asahi - PLUS Calpis Body Fat Care Yogurt drink 200ml x 24 (Full Case),ASAHI,200,24,ml,plus calpis body fat care yogurt drink,ASAHI Asahi - PLUS Calpis Body Fat Care Yogurt drink 200ml x 24 (Full Case) 200mlx24
KIRIN - Body Free Non-Alcoholic Beer 350ml x3(#092133_3) (Ramdon Delivery)(Parallel Imported),KIRIN,350,3,ml,body free nonalcoholic beer  ramdon  ed,KIRIN KIRIN - Body Free Non-Alcoholic Beer 350ml x3(#092133_3) (Ramdon Delivery)(Parallel Imported) 350mlx3
Teisseire - Caramel Syrup｜No.1 in France｜Made in France,TEISSEIRE,700,1,ml,caramel syrupno in francemade in france,TEISSEIRE Teisseire - Caramel Syrup｜No.1 in France｜Made in France 700mlx1
CHI FOREST - CHI FOREST # free water # Red bean barley water [original box 15 bottles],CHI FOREST,500,15,ml,free water  red bean barley water original box  s,CHI FOREST CHI FOREST - CHI FOREST # free water # Red bean barley water [original box 15 bottles] 500mlx15
Asahi - Asahi WONDA Premium Zero coffee x 30 (Full Case),ASAHI,185,30,g,wonda premium zero coffee x,ASAHI Asahi - Asahi WONDA Premium Zero coffee x 30 (Full Case) 185gx30
iF - iF - 100% Natural IF Coconut Water Bottled - Full Case (350ml) x 24,IF,350,24,ml,natural  coconut water d     x,IF iF - iF - 100% Natural IF Coconut Water Bottled - Full Case (350ml) x 24 350mlx24
Tao Ti - Tao Ti -Supreme Oolong Tea - Full Case (250ml x 6) x 4,TAO TI,250,6,ml,supreme oolong tea     x,TAO TI Tao Ti - Tao Ti -Supreme Oolong Tea - Full Case (250ml x 6) x 4 250mlx6
可口可樂 - Full case - Coca cola mini cans (200ml X 6) x 4,COCA COLA,200,6,ml,mini cans  x  x,COCA COLA 可口可樂 - Full case - Coca cola mini cans (200ml X 6) x 4 200mlx6
ITO EN - Relax Jasmine Tea x 24,ITO EN,600,24,ml,relax jasmine tea x,ITO EN ITO EN - Relax Jasmine Tea x 24 600mlx24
San Pellegrino - San Pellegrino (Glass Bottle) Mineral Sparkling Water Italy - Full Case 4x(6x250mL),SAN PELLEGRINO,250,24,ml,glass  mineral sparkling water italy    xxml,SAN PELLEGRINO San Pellegrino - San Pellegrino (Glass Bottle) Mineral Sparkling Water Italy - Full Case 4x(6x250mL) 250mlx24
Highland Spring - [Direct from UK] [FULL CASE] Still Water 1.5L x 6 x4,HIGHLAND SPRING,5,6,l,direct from uk   still water,HIGHLAND SPRING Highland Spring - [Direct from UK] [FULL CASE] Still Water 1.5L x 6 x4 5lx6
San Pellegrino - San Pellegrino  Italian natural mineral water with gas - 4x(6x500ml) (plastic bottle)Random Packing,SAN PELLEGRINO,500,24,ml,italian natural mineral water with gas  xxml plastic,SAN PELLEGRINO San Pellegrino - San Pellegrino  Italian natural mineral water with gas - 4x(6x500ml) (plastic bottle)Random Packing 500mlx24
NESCAFÉ - Full case - Korean Café Collection Coffee Latte 370ml x 20P,NESCAFE,370,20,ml,nescaf     korean caf collection coffee latte p,NESCAFE NESCAFÉ - Full case - Korean Café Collection Coffee Latte 370ml x 20P 370mlx20
Vita - 原箱 維他冷泡無糖茶 凍頂烏龍(白+啡色盒)原箱(24 x 250ml)#28714576 Vita Cold Brew No Sugar Dong Ding Oolong Tea#新舊包裝隨機發貨,VITA,250,24,ml,cold brew no sugar dong ding oolong tea,VITA Vita - 原箱 維他冷泡無糖茶 凍頂烏龍(白+啡色盒)原箱(24 x 250ml)#28714576 Vita Cold Brew No Sugar Dong Ding Oolong Tea#新舊包裝隨機發貨 250mlx24
Bonaqua - Bonaqua Mineralised Water (1.5L x 6 ) x 2,BONAQUA,5,6,l,mineralised water  x   x,BONAQUA Bonaqua - Bonaqua Mineralised Water (1.5L x 6 ) x 2 5lx6
FU HANG SOY MILK - Taiwan Soy Milk - [No Sugar Added] x 6 pcs,FU HANG SOY MILK,290,6,ml,taiwan soy milk  no sugar added x  pcs,FU HANG SOY MILK FU HANG SOY MILK - Taiwan Soy Milk - [No Sugar Added] x 6 pcs 290mlx6
NESCAFÉ Dolce Gusto - (1520)Café Au Lait Capsule [Applicable to NESCAFÉ® Dolce Gusto® Coffee Machine] [C33],NESCAFE DOLCE GUSTO,16,1,servings,nescaf dolce gusto  caf au lait capsule applicable to nescaf dolce gusto coffee machine c,NESCAFE DOLCE GUSTO NESCAFÉ Dolce Gusto - (1520)Café Au Lait Capsule [Applicable to NESCAFÉ® Dolce Gusto® Coffee Machine] [C33] 16servingsx1
"Fever Tree - Fever Tree Light Elderflower Tonic Water Mini Can 8x150ml (Expiry Date: Oct,2026)",FEVER TREE,150,8,ml,light elderflower tonic water mini can   date oct,"FEVER TREE Fever Tree - Fever Tree Light Elderflower Tonic Water Mini Can 8x150ml (Expiry Date: Oct,2026) 150mlx8"
TAYLOR - 4 bottles x Taylor Deep Water  - Original Prune (180ml),TAYLOR,180,4,ml,s x  deep water   original prune,TAYLOR TAYLOR - 4 bottles x Taylor Deep Water  - Original Prune (180ml) 180mlx4
Marutai - Marutai Japan Kumamoto Aso Natural Mineral Water Soft Water Bottle - Full Case 500ml,MARUTAI,500,24,ml,japan kumamoto aso natural mineral water soft water,MARUTAI Marutai - Marutai Japan Kumamoto Aso Natural Mineral Water Soft Water Bottle - Full Case 500ml 500mlx24
SAN BENEDETTO - Saint Bitao Italy [Original Box 24 Bottles] Natural Gas Mineral Water -24x 500ml Gas,SAN BENEDETTO,500,24,ml,saint bitao italy original box  s natural gas mineral water  gas,SAN BENEDETTO SAN BENEDETTO - Saint Bitao Italy [Original Box 24 Bottles] Natural Gas Mineral Water -24x 500ml Gas 500mlx24
Fontana - [2pcs] FONTANA -  Red Guava Juice - 1L,FONTANA,1,2,l,pcs    red guava juice,FONTANA Fontana - [2pcs] FONTANA -  Red Guava Juice - 1L 1lx2
Volvic - Volvic - Full Case (Dealer's Goods of HK) Volvic Natural Mineral Water Sports Cap (750ml) x 12,VOLVIC,750,12,ml,dealers goods of hk  natural mineral water sports cap  x,VOLVIC Volvic - Volvic - Full Case (Dealer's Goods of HK) Volvic Natural Mineral Water Sports Cap (750ml) x 12 750mlx12
BLUE DIAMOND - Almond Breeze Unsweetened (Original) 946ml x6 | Buy More Save More,BLUE DIAMOND,946,6,ml,almond breeze unsweetened original  x  buy more save more,BLUE DIAMOND BLUE DIAMOND - Almond Breeze Unsweetened (Original) 946ml x6 | Buy More Save More 946mlx6
ACQUA PANNA - Acqua Panna Natural Spring Water Italy - Full Case 24x500mL(Plastic Bottle) Random Packing,ACQUA PANNA,500,24,ml,natural spring water italy    plastic,ACQUA PANNA ACQUA PANNA - Acqua Panna Natural Spring Water Italy - Full Case 24x500mL(Plastic Bottle) Random Packing 500mlx24
Pokka  Sapporo - Chelated Lemon Drinks MUKUMI 155ml x 6,POKKA  SAPPORO,155,6,ml,chelated lemon drinks mukumi,POKKA  SAPPORO Pokka  Sapporo - Chelated Lemon Drinks MUKUMI 155ml x 6 155mlx6
REMEDY - 【4CAN】 - Organic Kombucha Lemon Lime Mint #綠盒MINT Sugar Free (at least 60 days shelf life),REMEDY,250,4,ml,can  organic kombucha lemon lime mint  sugar free at least  days shelf life,REMEDY REMEDY - 【4CAN】 - Organic Kombucha Lemon Lime Mint #綠盒MINT Sugar Free (at least 60 days shelf life) 250mlx4
星巴克 - White Mocha by NESCAFÉ® Coffee Capsule [Applicable to Dolce Gusto® Coffee Machine][C31],STARBUCKS,12,1,servings,white mocha by nescaf coffee capsule applicable to dolce gusto coffee machinec,STARBUCKS 星巴克 - White Mocha by NESCAFÉ® Coffee Capsule [Applicable to Dolce Gusto® Coffee Machine][C31] 12servingsx1
evian - Evian [Original Box 24 Bottles] - Evian Natural Mineral Water from France -24x 500ml (Film-Wrapped),EVIAN,500,24,ml,original box  s   natural mineral water from france x  filmwrapped,EVIAN evian - Evian [Original Box 24 Bottles] - Evian Natural Mineral Water from France -24x 500ml (Film-Wrapped) 500mlx24
UCC - Blue Mountain Blended Coffee 45g (#136115/藍) (Random Delivery),UCC,45,1,g,blue mountain blended coffee,UCC UCC - Blue Mountain Blended Coffee 45g (#136115/藍) (Random Delivery) 45gx1
"Fever Tree - Fever Tree Light Mediterranean Tonic Water Mini Can 8x150ml(Expiry Date: Oct,2026)",FEVER TREE,150,8,ml,light mediterranean tonic water mini can  date oct,"FEVER TREE Fever Tree - Fever Tree Light Mediterranean Tonic Water Mini Can 8x150ml(Expiry Date: Oct,2026) 150mlx8"
Suntory - 【Full Case】Oolong Tea 2L x 6,SUNTORY,2,6,l,oolong tea,SUNTORY Suntory - 【Full Case】Oolong Tea 2L x 6 2lx6
"Suntory - NATURAL MINERAL WATER 2L X 6 Four water sources (Southern Alps, Odaizan, Aso, and Northern Alps)",SUNTORY,2,6,l,natural mineral water  four water sources southern alps odaizan aso and northern alps,"SUNTORY Suntory - NATURAL MINERAL WATER 2L X 6 Four water sources (Southern Alps, Odaizan, Aso, and Northern Alps) 2lx6"
Rabenhorst - RB425-4004192000653 Originally Imported from Germany: Organic Beetroot Juice (Unsweetened) –  750ml,RABENHORST,750,1,ml,rb originally ed from germany organic beetroot juice unsweetened,RABENHORST Rabenhorst - RB425-4004192000653 Originally Imported from Germany: Organic Beetroot Juice (Unsweetened) –  750ml 750mlx1
Ligo - 【3包裝】LIGO - Direct From Europe - 100% Natural Pineapple Juice - 1L x 3,LIGO,1,3,l,direct from europe   natural pineapple juice,LIGO Ligo - 【3包裝】LIGO - Direct From Europe - 100% Natural Pineapple Juice - 1L x 3 1lx3
AVALANCHE - (BBD:02/04/2027) 99% SF Chai Turmeric Latte 20g X 10(0544),AVALANCHE,20,10,g,bbd  sf chai turmeric latte,AVALANCHE AVALANCHE - (BBD:02/04/2027) 99% SF Chai Turmeric Latte 20g X 10(0544) 20gx10
Hino Aso - 原箱 日本火の阿蘇天然礦泉水Mineral Water 原箱  (6 x 2L) #300369 #優質軟水，含豐富氧化物矽酸#新舊包裝隨機發貨,HINO ASO,2,6,l,mineral water,HINO ASO Hino Aso - 原箱 日本火の阿蘇天然礦泉水Mineral Water 原箱  (6 x 2L) #300369 #優質軟水，含豐富氧化物矽酸#新舊包裝隨機發貨 2lx6
東方樹葉 - Farmer's Spring - Oriental Tree Leaf Chenpi White Tea (Original Box) 15 x 500ml - Parallel Import,FARMER'S SPRING,500,15,ml,oriental tree leaf chenpi white tea original box  x,FARMER'S SPRING 東方樹葉 - Farmer's Spring - Oriental Tree Leaf Chenpi White Tea (Original Box) 15 x 500ml - Parallel Import 500mlx15
Chang - Chang Soda Water [Glass bottle] (6 bottles) 6x325mL# Soda water # Thai soda water # soda water,CHANG,325,6,ml,soda water glass   s xml soda water  thai soda water  soda water,CHANG Chang - Chang Soda Water [Glass bottle] (6 bottles) 6x325mL# Soda water # Thai soda water # soda water 325mlx6
Schweppes - Schweppes soda Water - Full case ( 330ml ) x 24,SCHWEPPES,330,8,ml,soda water       x,SCHWEPPES Schweppes - Schweppes soda Water - Full case ( 330ml ) x 24 330mlx8
Sanitarium - So Good™ ALMOND MILK UNSWEETENED ⭐ Best Before:12-10-2026,SANITARIUM,1,1,l,so good almond milk unsweetened  best before,SANITARIUM Sanitarium - So Good™ ALMOND MILK UNSWEETENED ⭐ Best Before:12-10-2026 1lx1
HUNG FOOK TONG - [6 bottles]  Oatmeal Soy Milk (500ml x 6) 6樽燕麥豆乳BBF:8-1-27 (500ml x 6) (random packing),HUNG FOOK TONG,500,6,ml,s  oatmeal soy milk  bbf,HUNG FOOK TONG HUNG FOOK TONG - [6 bottles]  Oatmeal Soy Milk (500ml x 6) 6樽燕麥豆乳BBF:8-1-27 (500ml x 6) (random packing) 500mlx6
Hi-C - 原箱  Hi-C Lemon Tea  陽光檸檬茶 原箱 (24 x 250ml) #08171934,HI,250,24,ml,c    c lemon tea,HI Hi-C - 原箱  Hi-C Lemon Tea  陽光檸檬茶 原箱 (24 x 250ml) #08171934 250mlx24
星巴克 - Starbucks Caffè Verona™ by Nespresso® [4430] [Applicable to Nespresso® CoffeeMachine]D53[RandomPKG],STARBUCKS,10,1,servings,caff verona by nespresso  applicable to nespresso coffeemachinedpkg,STARBUCKS 星巴克 - Starbucks Caffè Verona™ by Nespresso® [4430] [Applicable to Nespresso® CoffeeMachine]D53[RandomPKG] 10servingsx1
Oronamin C - 原箱 日本版奧樂蜜C飲品 ORONAMIN C 原箱(樽裝-30x120ml)#35029809 #新舊包裝隨機發貨#營養碳酸飲品#免疫力UP#健康UP#雪凍更滋味 #一日一樽奧樂蜜C，疫情下都健康D,ORONAMIN C,120,30,ml,c,ORONAMIN C Oronamin C - 原箱 日本版奧樂蜜C飲品 ORONAMIN C 原箱(樽裝-30x120ml)#35029809 #新舊包裝隨機發貨#營養碳酸飲品#免疫力UP#健康UP#雪凍更滋味 #一日一樽奧樂蜜C，疫情下都健康D 120mlx30
可口可樂 - Full case - Coca Cola No Sugar / Coke Zero Bottled 500ml X 24 bottles,COCA COLA,500,24,ml,no sugar  coke zero d  s,COCA COLA 可口可樂 - Full case - Coca Cola No Sugar / Coke Zero Bottled 500ml X 24 bottles 500mlx24
Asahi - Asahi Wanda Premium Zero coffee Canned - Full Case 185g,ASAHI,185,30,ml,wanda premium zero coffee canned    g,ASAHI Asahi - Asahi Wanda Premium Zero coffee Canned - Full Case 185g 185mlx30
Sanitarium - So Good Unsweetened Almond Coconut Milk 1 L,SANITARIUM,1,1,l,so good unsweetened almond coconut milk,SANITARIUM Sanitarium - So Good Unsweetened Almond Coconut Milk 1 L 1lx1
Authentic Tea House - Authentic Tea House - Cloudy Green Tea - Full box (No Sugar) (500ml) x 24,AUTHENTIC TEA HOUSE,500,24,ml,cloudy green tea   box no sugar  x,AUTHENTIC TEA HOUSE Authentic Tea House - Authentic Tea House - Cloudy Green Tea - Full box (No Sugar) (500ml) x 24 500mlx24
POKKA SAPPORO - [Japan Coffee] Biz Time Sugarless Richness Black Coffee Bottle Can – 6 Bottles x 390gm,POKKA SAPPORO,390,6,gm,japan coffee biz time sugarless richness black coffee  can   s x,POKKA SAPPORO POKKA SAPPORO - [Japan Coffee] Biz Time Sugarless Richness Black Coffee Bottle Can – 6 Bottles x 390gm 390gmx6
Schweppes - Schweppes (Dry) Ginger Ale 4x(6x320mL) cans | Slightly spicy and warm stomach parallel import,SCHWEPPES,320,24,ml,dry ginger ale xxml cans  slightly spicy and warm stomach,SCHWEPPES Schweppes - Schweppes (Dry) Ginger Ale 4x(6x320mL) cans | Slightly spicy and warm stomach parallel import 320mlx24
"San Pellegrino - San Pellegrino, Italy San Pellegrino Aerated Natural Mineral Water - 6x 250ml (Glass Bottle)",SAN PELLEGRINO,250,6,ml,italy  aerated natural mineral water  x  glass,"SAN PELLEGRINO San Pellegrino - San Pellegrino, Italy San Pellegrino Aerated Natural Mineral Water - 6x 250ml (Glass Bottle) 250mlx6"
Vita - 原箱 維他檸檬茶 Vita Lemon Tea  原箱 24x250ml  #28664871#Random for old/new packaging,VITA,250,24,ml,lemon tea   xml   for oldnew,VITA Vita - 原箱 維他檸檬茶 Vita Lemon Tea  原箱 24x250ml  #28664871#Random for old/new packaging 250mlx24
Vittel - Vittel Natural Mineral Water (France) 330ml x 24-Pack | Rich in Calcium & Magnesium-Parallel Import,VITTEL,330,24,ml,natural mineral water france  x pack  rich in calcium  magnesium,VITTEL Vittel - Vittel Natural Mineral Water (France) 330ml x 24-Pack | Rich in Calcium & Magnesium-Parallel Import 330mlx24
星巴克 - Pike Place Roast Coffee Capsules  [Applicable to NESCAFÉ® Dolce Gusto® Coffee Machine](C),STARBUCKS,12,1,servings,pike place roast coffee capsules  applicable to nescaf dolce gusto coffee machinec,STARBUCKS 星巴克 - Pike Place Roast Coffee Capsules  [Applicable to NESCAFÉ® Dolce Gusto® Coffee Machine](C) 12servingsx1
星巴克 - Matcha Latte Coffee Capsules [Applicable to Dolce Gusto® Coffee Machine](C),STARBUCKS,12,1,servings,matcha latte coffee capsules applicable to dolce gusto coffee machinec,STARBUCKS 星巴克 - Matcha Latte Coffee Capsules [Applicable to Dolce Gusto® Coffee Machine](C) 12servingsx1
SANGARIA - SANGARIA [Japan Tea] Your Fragrant Barley Tea Sugarless Bottle – Full Case 600ml,SANGARIA,600,24,ml,japan tea your fragrant barley tea sugarless,SANGARIA SANGARIA - SANGARIA [Japan Tea] Your Fragrant Barley Tea Sugarless Bottle – Full Case 600ml 600mlx24
CHI FOREST - Yuanqi Forest [Red Date Goji Berry Water] # Free Water [Original Box 15 Bottles] # Sugar Free Tea,CHI FOREST,500,15,ml,yuanqi forest red date goji berry water  free water original box  s  sugar free tea,CHI FOREST CHI FOREST - Yuanqi Forest [Red Date Goji Berry Water] # Free Water [Original Box 15 Bottles] # Sugar Free Tea 500mlx15
可口可樂 - Ayataka Green Tea 650ml x 24 authentic green tea (Random Packaging) 4902102154826 expiry 2026/08,COCA COLA,650,24,ml,ayataka green tea  authentic green tea,COCA COLA 可口可樂 - Ayataka Green Tea 650ml x 24 authentic green tea (Random Packaging) 4902102154826 expiry 2026/08 650mlx24
星巴克 - Starbucks Blonde Espresso Roast [4478] [Applicable to Nespresso® Coffee Machine] [C30] [Random pkg],STARBUCKS,10,1,servings,blonde espresso roast  applicable to nespresso coffee machine c  pkg,STARBUCKS 星巴克 - Starbucks Blonde Espresso Roast [4478] [Applicable to Nespresso® Coffee Machine] [C30] [Random pkg] 10servingsx1
COOL Water - 原箱 清涼水純淨水 原箱 4x5L #33101452 / FPP51450 Cool Water Purified Water#Random for old/new packaging,COOL WATER,5,4,l,fpp  purified water for oldnew,COOL WATER COOL Water - 原箱 清涼水純淨水 原箱 4x5L #33101452 / FPP51450 Cool Water Purified Water#Random for old/new packaging 5lx4
可口可樂 - Coca-Cola - Full Case No Sugar Vanilla Flavoured (500ml) x 24,COCA COLA,500,24,ml,cocacola    no sugar vanilla flavoured  x,COCA COLA 可口可樂 - Coca-Cola - Full Case No Sugar Vanilla Flavoured (500ml) x 24 500mlx24
REMEDY - 【4CAN】Organic Kombucha Ginger Lemon #黃盒薑味  No Sugar Freeat least 60 days shelf life,REMEDY,250,4,ml,canorganic kombucha ginger lemon   no sugar freeat least  days shelf life,REMEDY REMEDY - 【4CAN】Organic Kombucha Ginger Lemon #黃盒薑味  No Sugar Freeat least 60 days shelf life 250mlx4
Nongfu Spring - Nongfu Spring - Natural Water - Full Case 4x5L,NONGFU SPRING,5,4,l,natural water,NONGFU SPRING Nongfu Spring - Nongfu Spring - Natural Water - Full Case 4x5L 5lx4
KIRIN - Kirin [午後の紅茶]-Gogo-No-Kocha Lemon Tea Canned - Full Case 185gm(Random Packing),KIRIN,185,20,gm,gogonokocha lemon tea canned,KIRIN KIRIN - Kirin [午後の紅茶]-Gogo-No-Kocha Lemon Tea Canned - Full Case 185gm(Random Packing) 185gmx20
NESCAFÉ - Nescafe - Full Case Café Collection Café Au Lait (270ml ) x 15,NESCAFE,270,15,ml,nescaf      caf collection caf au lait   x,NESCAFE NESCAFÉ - Nescafe - Full Case Café Collection Café Au Lait (270ml ) x 15 270mlx15
東方樹葉 - Nongfu Spring - Oriental Leaf Sugar-Free Green Tangerine Pu'er Tea,FARMER'S SPRING,500,15,ml,nongfu spring  oriental leaf sugarfree green tangerine puer tea,FARMER'S SPRING 東方樹葉 - Nongfu Spring - Oriental Leaf Sugar-Free Green Tangerine Pu'er Tea 500mlx15
Suntory - 三得利 Tokucha iemon Premium Green Tea 500ml x 6,SUNTORY,500,6,ml,tokucha iemon premium green tea,SUNTORY Suntory - 三得利 Tokucha iemon Premium Green Tea 500ml x 6 500mlx6
Asahi - [Full Case] Dry Zero Beer 350ml x24 (#030003) (Random delivery)(Parallel Import),ASAHI,350,24,ml,dry zero beer,ASAHI Asahi - [Full Case] Dry Zero Beer 350ml x24 (#030003) (Random delivery)(Parallel Import) 350mlx24
FIZ - 【FIZ】Low Sugar Sparkling Calamansi Juice Canned - Full Case 330ml (Random Packing),FIZ,330,24,ml,low sugar sparkling calamansi juice canned,FIZ FIZ - 【FIZ】Low Sugar Sparkling Calamansi Juice Canned - Full Case 330ml (Random Packing) 330mlx24
Bonaqua - [Full case] Mineralized Water (500ml X 24),BONAQUA,500,24,ml,mineralized water,BONAQUA Bonaqua - [Full case] Mineralized Water (500ml X 24) 500mlx24
Suntory - 三得利 Suntory 【原箱15樽】（無糖）茉莉烏龍茶  - 15x500ml毫升,SUNTORY,500,15,ml,,SUNTORY Suntory - 三得利 Suntory 【原箱15樽】（無糖）茉莉烏龍茶  - 15x500ml毫升 500mlx15
Okinawa specialty 100% green-cut Kumquat juice without Additives 500ml Parallel imported,OKINAWA SPECIALTY 100% GREEN,500,1,ml,cut kumquat juice without additives   ed,OKINAWA SPECIALTY 100% GREEN Okinawa specialty 100% green-cut Kumquat juice without Additives 500ml Parallel imported 500mlx1
Sesame House - Black Sesame Powder 15G*21pcs Made in HK,SESAME HOUSE,15,21,g,black sesame powder pcs made in hk,SESAME HOUSE Sesame House - Black Sesame Powder 15G*21pcs Made in HK 15gx21
AVALANCHE - (BBD:29/03/2027) Café Style Flat White Instant Coffee Mix 14g x 10(2624),AVALANCHE,14,10,g,bbd caf style flat white instant coffee mix,AVALANCHE AVALANCHE - (BBD:29/03/2027) Café Style Flat White Instant Coffee Mix 14g x 10(2624) 14gx10
Nongfu Spring - Nongfu Spring Mount Wuyi Drinking Spring Water (for tea making) - original box 4x4L (carton）,NONGFU SPRING,4,4,l,mount wuyi drinking spring water for tea making  original box  carton,NONGFU SPRING Nongfu Spring - Nongfu Spring Mount Wuyi Drinking Spring Water (for tea making) - original box 4x4L (carton） 4lx4
LAKANTO - Low GI Instant White Coffee - Naturally sweetened with Monk Fruit 32g x 12,LAKANTO,32,12,g,low gi instant white coffee  naturally sweetened with monk fruit,LAKANTO LAKANTO - Low GI Instant White Coffee - Naturally sweetened with Monk Fruit 32g x 12 32gx12
Bonaqua - [Full Case] Label-Less 無招紙 Mineralized Water (600ml X 24),BONAQUA,600,24,ml,labelless  mineralized water,BONAQUA Bonaqua - [Full Case] Label-Less 無招紙 Mineralized Water (600ml X 24) 600mlx24
Perrier - Perrier Natural Mineral Water France (Glass Bottle) - Full Case 12x750ml,PERRIER,750,12,ml,natural mineral water france glass,PERRIER Perrier - Perrier Natural Mineral Water France (Glass Bottle) - Full Case 12x750ml 750mlx12
Meko - 原箱 Meko Pure Water 美果純水 原箱 (24 x 700ml) #14056562 #剛剛轉新包裝，容量，產地,MEKO,700,24,ml,pure water,MEKO Meko - 原箱 Meko Pure Water 美果純水 原箱 (24 x 700ml) #14056562 #剛剛轉新包裝，容量，產地 700mlx24
The Bridge - Bio Rice Drink Almond 1000ml (Full Carton with 6 pcs),THE BRIDGE,1000,6,ml,bio rice drink almond   carton with  pcs,THE BRIDGE The Bridge - Bio Rice Drink Almond 1000ml (Full Carton with 6 pcs) 1000mlx6
Ligo - [Full Case] LIGO - Direct From Europe - 100% Natural Tomato Juice - 1L x 12,LIGO,1,12,l,direct from europe   natural tomato juice,LIGO Ligo - [Full Case] LIGO - Direct From Europe - 100% Natural Tomato Juice - 1L x 12 1lx12
ITO EN - Itoen [Japan Made Green Tea]-Green Tea Bottle - Full Case 2L,ITO EN,2,6,l,itoen japan made green teagreen tea,ITO EN ITO EN - Itoen [Japan Made Green Tea]-Green Tea Bottle - Full Case 2L 2lx6
iF - IF 100% Natural Young Coconut Water – 350ml x 24 Bottles [Full Case] | Parallel Import,IF,350,24,ml,natural young coconut water   x  s,IF iF - IF 100% Natural Young Coconut Water – 350ml x 24 Bottles [Full Case] | Parallel Import 350mlx24
Kikkoman - Japan Plain Soymilk Unsweetened 1 Litre x 1 #豆漿#香港原裝行貨,KIKKOMAN,1,1,brand,japan plain soymilk unsweetened  litre x,KIKKOMAN Kikkoman - Japan Plain Soymilk Unsweetened 1 Litre x 1 #豆漿#香港原裝行貨 1brandx1
Binggrae - Korean Banana Milk 12pcs,BINGGRAE,200,12,ml,korean banana milk pcs,BINGGRAE Binggrae - Korean Banana Milk 12pcs 200mlx12
"Vitasoy - 原箱 維他低糖麥精維他奶 原箱(24x250ml)#28672340 Vitasoy Low Sugar Malted Soyabean Milk#BEST BEFORE 6,MAR,2027",VITASOY,250,24,ml,low sugar malted soyabean milk before mar,"VITASOY Vitasoy - 原箱 維他低糖麥精維他奶 原箱(24x250ml)#28672340 Vitasoy Low Sugar Malted Soyabean Milk#BEST BEFORE 6,MAR,2027 250mlx24"
COOL Water - COOL Water-purified  Water 1.5L x 12 [Full Case] 4891133241356,COOL WATER,5,12,l,purified  water,COOL WATER COOL Water - COOL Water-purified  Water 1.5L x 12 [Full Case] 4891133241356 5lx12
AVALANCHE - (BBD:21/06/2027) Café Style Cappuccino Instant Coffee Mix 16g x 10(2631),AVALANCHE,16,10,g,bbd caf style cappuccino instant coffee mix,AVALANCHE AVALANCHE - (BBD:21/06/2027) Café Style Cappuccino Instant Coffee Mix 16g x 10(2631) 16gx10
vida - Vitamin C Pink Guava Flavor Low Sugar Sparkling Water 325MLX4 #Soda #No Sugar #Tonic Water #Fitness,VIDA,325,4,ml,vitamin c pink guava flavor low sugar sparkling water    sugar  water,VIDA vida - Vitamin C Pink Guava Flavor Low Sugar Sparkling Water 325MLX4 #Soda #No Sugar #Tonic Water #Fitness 325mlx4
Robiff - Robiff Oolong Tea 500ml x 24 bottles 4891379161289,ROBIFF,500,24,ml,oolong tea  s,ROBIFF Robiff - Robiff Oolong Tea 500ml x 24 bottles 4891379161289 500mlx24
Aso no Meisui - 原箱 日本熊本阿蘇銘水 原箱 (6x2L)#3200215 Kumamoto Aso Water 阿蘇のメイスイ #Random for old/new packaging,ASO NO MEISUI,2,6,l,kumamoto aso water   for oldnew,ASO NO MEISUI Aso no Meisui - 原箱 日本熊本阿蘇銘水 原箱 (6x2L)#3200215 Kumamoto Aso Water 阿蘇のメイスイ #Random for old/new packaging 2lx6
HeySong - Hey-Song Guava Juice Drink (Contains 15% Guava Juice) (320ml x 6 cans),HEYSONG,320,6,ml,heysong guava juice drink contains  guava juice  cans,HEYSONG HeySong - Hey-Song Guava Juice Drink (Contains 15% Guava Juice) (320ml x 6 cans) 320mlx6
Perrier - Perrier Natural Sparkling Mineral Water Canned France - Full Case 24x330ml,PERRIER,330,24,ml,natural sparkling mineral water canned france,PERRIER Perrier - Perrier Natural Sparkling Mineral Water Canned France - Full Case 24x330ml 330mlx24
NESCAFÉ - Nescafe Americano Coffee - Full case (250ml x 6 cans) x 4,NESCAFE,250,6,ml,nescaf   americano coffee     x  cans x,NESCAFE NESCAFÉ - Nescafe Americano Coffee - Full case (250ml x 6 cans) x 4 250mlx6
星巴克 - Starbucks Pike Place® Roast by Nespresso® [4492] [Nespresso® Coffee Machine][Packaging random],STARBUCKS,10,1,servings,pike place roast by nespresso  nespresso coffee machine,STARBUCKS 星巴克 - Starbucks Pike Place® Roast by Nespresso® [4492] [Nespresso® Coffee Machine][Packaging random] 10servingsx1
Asahi - Asahi [Japan Tea] - Lipolysis Puerh Tea & Oolong Tea Pet Bottle - Full Case 600ml,ASAHI,600,24,ml,japan tea  lipolysis puerh tea  oolong tea pet,ASAHI Asahi - Asahi [Japan Tea] - Lipolysis Puerh Tea & Oolong Tea Pet Bottle - Full Case 600ml 600mlx24
evian - Evian Evian [8 bottles] Evian Natural Weak Alkaline Mineral Water - 8x1.5L (Parallel Imported ）,EVIAN,5,8,l,s  natural weak alkaline mineral water    ed,EVIAN evian - Evian Evian [8 bottles] Evian Natural Weak Alkaline Mineral Water - 8x1.5L (Parallel Imported ） 5lx8
watsons - [Full case] (細支裝) 9.0 Alkaline Water (420ml X 24),WATSONS,420,24,ml,alkaline water,WATSONS watsons - [Full case] (細支裝) 9.0 Alkaline Water (420ml X 24) 420mlx24
COOL Water - 原箱 清涼水純淨水 Cool Water Purified Water 原箱  (12x1500ml) #FPP51470 #Random for old/new packaging,COOL WATER,1500,12,ml,purified water      for oldnew,COOL WATER COOL Water - 原箱 清涼水純淨水 Cool Water Purified Water 原箱  (12x1500ml) #FPP51470 #Random for old/new packaging 1500mlx12
Authentic Tea House - Chun Tea House (Digestive Tea) Pu-erh Tea (Sugar-Free) 500ml x 24 Bottles -Hong Kong Edition,AUTHENTIC TEA HOUSE,500,24,ml,chun tea house digestive tea puerh tea sugarfree  x  s hong kong edition,AUTHENTIC TEA HOUSE Authentic Tea House - Chun Tea House (Digestive Tea) Pu-erh Tea (Sugar-Free) 500ml x 24 Bottles -Hong Kong Edition 500mlx24
MORIYAMA - 【1 box】【Milk Tea】【Blue】Tea Shop Taste Royal Milk Tea 1000g (7560534）【Parallel Imports】,MORIYAMA,1000,1,g,boxmilk teabluetea shop taste royal milk tea   s,MORIYAMA MORIYAMA - 【1 box】【Milk Tea】【Blue】Tea Shop Taste Royal Milk Tea 1000g (7560534）【Parallel Imports】 1000gx1
San Pellegrino - San Pellegrino Sparkling Aranciata Rossa (Blood Orange)(Glass Bottle) - Full Case 200ml,SAN PELLEGRINO,200,24,ml,sparkling aranciata rossa blood orangeglass,SAN PELLEGRINO San Pellegrino - San Pellegrino Sparkling Aranciata Rossa (Blood Orange)(Glass Bottle) - Full Case 200ml 200mlx24
Schweppes - Schweppes (Dry) Ginger Ale - Full Case 4x(6x320mL)(Random Packing),SCHWEPPES,320,24,ml,dry ginger ale    xxml,SCHWEPPES Schweppes - Schweppes (Dry) Ginger Ale - Full Case 4x(6x320mL)(Random Packing) 320mlx24
REMEDY - 【4CAN】Organic Kombucha Peach Sugar Free #PEACH at least 60days shelf life,REMEDY,250,4,ml,canorganic kombucha peach sugar free  at least days shelf life,REMEDY REMEDY - 【4CAN】Organic Kombucha Peach Sugar Free #PEACH at least 60days shelf life 250mlx4
Volvic - Volvic Natural Mineral Water France 1.5L x 6  (Random Packing),VOLVIC,5,6,l,natural mineral water france  x,VOLVIC Volvic - Volvic Natural Mineral Water France 1.5L x 6  (Random Packing) 5lx6
HARVEY FRESH - Harvey Fresh Lactose Free Skim Milk(Fresh Pack) - Full Case 1L (Random Packing),HARVEY FRESH,1,12,l,lactose free skim milkfresh pack,HARVEY FRESH HARVEY FRESH - Harvey Fresh Lactose Free Skim Milk(Fresh Pack) - Full Case 1L (Random Packing) 1lx12
COOL Water - COOL Water-purified water 1.5L x 12 [Full Case] (4891133241356),COOL WATER,5,12,l,purified water,COOL WATER COOL Water - COOL Water-purified water 1.5L x 12 [Full Case] (4891133241356) 5lx12
"CITIBREW - CityBrew - “Being Soda - Fresh Lemon Honey"" 4-Can Pack x 330ml | Made in Hong Kong",CITIBREW,330,4,ml,citybrew  being soda  fresh lemon honey can pack x   made in hong kong,"CITIBREW CITIBREW - CityBrew - “Being Soda - Fresh Lemon Honey"" 4-Can Pack x 330ml | Made in Hong Kong 330mlx4"
ACQUA PANNA - [24PCS] Natural Mineral Water 500ml 8000815003526 [Parallel Goods] (Plastic) AcquaPanna MineralWater,ACQUA PANNA,500,24,ml,pcs natural mineral water    goods plastic acquapanna mineralwater,ACQUA PANNA ACQUA PANNA - [24PCS] Natural Mineral Water 500ml 8000815003526 [Parallel Goods] (Plastic) AcquaPanna MineralWater 500mlx24
可口可樂 - Japan Georgia Low Sugar Coffee Bottled - Full Case 370ml/ Coca Cola / Parallel Import,COCA COLA,370,24,ml,japan georgia low sugar coffee d,COCA COLA 可口可樂 - Japan Georgia Low Sugar Coffee Bottled - Full Case 370ml/ Coca Cola / Parallel Import 370mlx24
G7 COFFEE - X2 Strong Aroma 3in1 Coffee 25g x 48[parallel goods],G7 COFFEE,25,48,g,x strong aroma in coffee  goods,G7 COFFEE G7 COFFEE - X2 Strong Aroma 3in1 Coffee 25g x 48[parallel goods] 25gx48
TASTAZ - Tastaz Natural Apple Cider Vinegar (with mother vinegar)  20sachets x3 boxes Individually packaged,TASTAZ,15,20,ml,natural apple cider vinegar with mother vinegar  sachets x boxes individually packaged,TASTAZ TASTAZ - Tastaz Natural Apple Cider Vinegar (with mother vinegar)  20sachets x3 boxes Individually packaged 15mlx20
Asahi - Full case - Mitsuya Tokuno Orange Squash 500ml X 24 Best Before date: 2026/09/30,ASAHI,500,1,ml,mitsuya tokuno orange squash  x  best before date,ASAHI Asahi - Full case - Mitsuya Tokuno Orange Squash 500ml X 24 Best Before date: 2026/09/30 500mlx1
NESCAFÉ - [Japan Coffee] Excella Sugarless Black Coffee Bottle – Full Case 900ml-Nescafe - Blue,NESCAFE,900,12,ml,nescaf  japan coffee excella sugarless black coffee       blue,NESCAFE NESCAFÉ - [Japan Coffee] Excella Sugarless Black Coffee Bottle – Full Case 900ml-Nescafe - Blue 900mlx12
BLUE DIAMOND - Almond Breeze Unsweetened  (Barista Blend) 946ml x12 | Buy More Save More,BLUE DIAMOND,946,12,ml,almond breeze unsweetened  barista blend  x  buy more save more,BLUE DIAMOND BLUE DIAMOND - Almond Breeze Unsweetened  (Barista Blend) 946ml x12 | Buy More Save More 946mlx12
POKKA SAPPORO - Pokka Sapporo [Japan Coffee] Biz Time Sugarless Richness Black Coffee Bottle Can - Full Case 390gm,POKKA SAPPORO,390,24,gm,japan coffee biz time sugarless richness black coffee  can,POKKA SAPPORO POKKA SAPPORO - Pokka Sapporo [Japan Coffee] Biz Time Sugarless Richness Black Coffee Bottle Can - Full Case 390gm 390gmx24
KIRIN - [Full Case] Afternoon Tea Lemon Tea1.5L x 8 Bottles 4909411086312 expiry 2026/11,KIRIN,5,8,l,afternoon tea lemon tea s,KIRIN KIRIN - [Full Case] Afternoon Tea Lemon Tea1.5L x 8 Bottles 4909411086312 expiry 2026/11 5lx8
evian - Evian Natural Mineral Water from France -6x1.5 liters in original box (randomly sent in parallel imp,EVIAN,5,6,l,natural mineral water from france x liters in original box ly sent in  imp,EVIAN evian - Evian Natural Mineral Water from France -6x1.5 liters in original box (randomly sent in parallel imp 5lx6
evian - [Dealer's Goods of HK][Full Case]膠樽裝 France Evian Natural Mineral Water (500ml X 24)PACKING RANDOMLY,EVIAN,500,24,ml,dealers goods of hk  france  natural mineral water  ly,EVIAN evian - [Dealer's Goods of HK][Full Case]膠樽裝 France Evian Natural Mineral Water (500ml X 24)PACKING RANDOMLY 500mlx24
星巴克 - Absolute Origin COLUMBIA Lungo Coffee Capsule2607 [ NESCAFÉ® Dolce Gusto® ] [C31] EXP:30.11.26,STARBUCKS,12,1,servings,absolute origin columbia lungo coffee capsule  nescaf dolce gusto  c exp,STARBUCKS 星巴克 - Absolute Origin COLUMBIA Lungo Coffee Capsule2607 [ NESCAFÉ® Dolce Gusto® ] [C31] EXP:30.11.26 12servingsx1
OATLY! - Oatly Coffee Oat Drink -1 liter (Parallel import from the UK),OATLY!,1,1,l,oatly coffee oat drink  liter   from the uk,OATLY! OATLY! - Oatly Coffee Oat Drink -1 liter (Parallel import from the UK) 1lx1
Vitasoy - Vitasoy - Low Sugar Malted Soya Bean Milk 250ml (250ml x 6 ) x 4,VITASOY,250,6,ml,low sugar malted soya bean milk    x,VITASOY Vitasoy - Vitasoy - Low Sugar Malted Soya Bean Milk 250ml (250ml x 6 ) x 4 250mlx6
Fever Tree - Fever Tree Refreshingly Light Tonic Water Mini Can 8x150ml,FEVER TREE,150,8,ml,refreshingly light tonic water mini can,FEVER TREE Fever Tree - Fever Tree Refreshingly Light Tonic Water Mini Can 8x150ml 150mlx8
Remedy Drinks - 【4CAN】Organic Kombucha Mango Passion #MANGO Sugar Free at least 60 days shelf life,REMEDY DRINKS,250,4,ml,canorganic kombucha mango passion  sugar free at least  days shelf life,REMEDY DRINKS Remedy Drinks - 【4CAN】Organic Kombucha Mango Passion #MANGO Sugar Free at least 60 days shelf life 250mlx4
可口可樂 - Coca-Cola plus Sugar-Free Cola Soda - 6 x 330ml White Cans (Hong Kong Licensed),COCA COLA,330,6,ml,cocacola plus sugarfree cola soda   x  white cans hong kong licensed,COCA COLA 可口可樂 - Coca-Cola plus Sugar-Free Cola Soda - 6 x 330ml White Cans (Hong Kong Licensed) 330mlx6
POCARI SWEAT - Pocari Sweat Ion Water - Full case 350ml x 24 (Parallel Imported Products),POCARI SWEAT,350,24,ml,ion water      ed products,POCARI SWEAT POCARI SWEAT - Pocari Sweat Ion Water - Full case 350ml x 24 (Parallel Imported Products) 350mlx24
OKIHAM - OKIHAM Okinawa 100% Shikwasa Concentrated Juice Drink 500ml Parallel Imported,OKIHAM,500,1,ml,okinawa  shikwasa concentrated juice drink   ed,OKIHAM OKIHAM - OKIHAM Okinawa 100% Shikwasa Concentrated Juice Drink 500ml Parallel Imported 500mlx1
Pepsi - Pepsi Aquafina Sparkling Water - Full Case 24 x 320 mL Random Packing,PEPSI,320,24,ml,aquafina sparkling water     x,PEPSI Pepsi - Pepsi Aquafina Sparkling Water - Full Case 24 x 320 mL Random Packing 320mlx24
Waterloo - Zero Calories  Black Cherry Naturally Sparkling Water | 6 cans | Best Before 17 Mar 2027,WATERLOO,355,6,ml,zero calories  black cherry naturally sparkling water   cans  best before  mar,WATERLOO Waterloo - Zero Calories  Black Cherry Naturally Sparkling Water | 6 cans | Best Before 17 Mar 2027 355mlx6
ITO EN - Itoen [Japan Made Green Tea]-Green Tea Bottle – 2 Bottles x 2L,ITO EN,2,2,l,itoen japan made green teagreen tea    s x,ITO EN ITO EN - Itoen [Japan Made Green Tea]-Green Tea Bottle – 2 Bottles x 2L 2lx2
ACQUA PANNA - Acqua Panna (Glass Bottle) Natural Spring Water Italy - 12x750ml (Random Packing),ACQUA PANNA,750,12,ml,glass  natural spring water italy,ACQUA PANNA ACQUA PANNA - Acqua Panna (Glass Bottle) Natural Spring Water Italy - 12x750ml (Random Packing) 750mlx12
Volvic - Volvic - Full Case (Dealer's Goods of HK) Natural Mineral Water (500ml) x 24,VOLVIC,500,24,ml,dealers goods of hk natural mineral water  x,VOLVIC Volvic - Volvic - Full Case (Dealer's Goods of HK) Natural Mineral Water (500ml) x 24 500mlx24
KAGOME - Kagome Japan Made 100% Vegetable Fruit Mix Juice Mango Salad Paper Pack - Full Case 200ml - 0152,KAGOME,200,24,ml,japan made  vegetable fruit mix juice mango salad paper pack,KAGOME KAGOME - Kagome Japan Made 100% Vegetable Fruit Mix Juice Mango Salad Paper Pack - Full Case 200ml - 0152 200mlx24
Qoo - [12 boxes]Qoo Peach Juice Drink 200ml x12 packs(Less Sweet)[12盒]Qoo桃汁BBF:24-10-26 (random packing),QOO,200,12,ml,boxes peach juice drink packsless sweetbbf,QOO Qoo - [12 boxes]Qoo Peach Juice Drink 200ml x12 packs(Less Sweet)[12盒]Qoo桃汁BBF:24-10-26 (random packing) 200mlx12
CR C'ESTBON - C'estbon  Drinking Pure Water (Hong Kong version) (Original case) 4 x 4.5 liters,CR C'ESTBON,5,4,l,cestbon  drinking pure water hong kong version original   x  liters,CR C'ESTBON CR C'ESTBON - C'estbon  Drinking Pure Water (Hong Kong version) (Original case) 4 x 4.5 liters 5lx4
Remedy Drinks - 【原箱24CAN】Organic Kombucha Ginger Lemon  (at least 60 days shelf life),REMEDY DRINKS,250,24,ml,canorganic kombucha ginger lemon  at least  days shelf life,REMEDY DRINKS Remedy Drinks - 【原箱24CAN】Organic Kombucha Ginger Lemon  (at least 60 days shelf life) 250mlx24
HUNG FOOK TONG - [2 bottles] Silver Chrysanthemum Dew- Low Sugar (1.5L x 2 bottles) 1.5L [2支裝]銀菊露-低糖BBF:21-11-26,HUNG FOOK TONG,5,2,l,s silver chrysanthemum dew low sugar  s  bbf,HUNG FOOK TONG HUNG FOOK TONG - [2 bottles] Silver Chrysanthemum Dew- Low Sugar (1.5L x 2 bottles) 1.5L [2支裝]銀菊露-低糖BBF:21-11-26 5lx2
Perrier - Perrier France Paris Water - Sparkling Original Natural Mineral Water (Canned) - 6x330ml,PERRIER,330,6,ml,france paris water  sparkling original natural mineral water canned,PERRIER Perrier - Perrier France Paris Water - Sparkling Original Natural Mineral Water (Canned) - 6x330ml 330mlx6
CYPRINA - [Full Case] Direct From Europe - 100% Natural Orange Juice -12x1L,CYPRINA,1,12,l,direct from europe   natural orange juice xl,CYPRINA CYPRINA - [Full Case] Direct From Europe - 100% Natural Orange Juice -12x1L 1lx12
Volvic - Volvic Natural Mineral Water France - Full Case 24 x 500ml (Random Packing),VOLVIC,500,24,ml,natural mineral water france     x,VOLVIC Volvic - Volvic Natural Mineral Water France - Full Case 24 x 500ml (Random Packing) 500mlx24
Suntory - 三得利 伊右衛門 (新) 柚子香 綠茶(樽裝) - 原箱 600毫升,SUNTORY,600,24,ml,,SUNTORY Suntory - 三得利 伊右衛門 (新) 柚子香 綠茶(樽裝) - 原箱 600毫升 600mlx24
Volvic - Volvic Natural Mineral Water France - Full Case 12x1.5L (Random Packing),VOLVIC,5,12,l,natural mineral water france,VOLVIC Volvic - Volvic Natural Mineral Water France - Full Case 12x1.5L (Random Packing) 5lx12
watsons - Watsons Alkalinewater Full Case (1.2L) x 12,WATSONS,2,12,l,alkalinewater    x,WATSONS watsons - Watsons Alkalinewater Full Case (1.2L) x 12 2lx12
CHI FOREST - Chi Forest - Free Water [Red Bean Coix Seed Water] Original Box 15x500ml,CHI FOREST,500,15,ml,free water red bean coix seed water original box xml,CHI FOREST CHI FOREST - Chi Forest - Free Water [Red Bean Coix Seed Water] Original Box 15x500ml 500mlx15
可口可樂 - Full case - Coca-Cola - Coca Cola Plus Bottled 500ml X 24 bottles,COCA COLA,500,24,ml,cocacola   plus d  s,COCA COLA 可口可樂 - Full case - Coca-Cola - Coca Cola Plus Bottled 500ml X 24 bottles 500mlx24
Mindful Sparks - 【Full Case 12 Btls】Sugar-Free Osmanthus Golden Oolong Cold Brew Sparkling Tea 245ml (Healthy Tea),MINDFUL SPARKS,245,12,ml,btlssugarfree osmanthus golden oolong cold brew sparkling tea  healthy tea,MINDFUL SPARKS Mindful Sparks - 【Full Case 12 Btls】Sugar-Free Osmanthus Golden Oolong Cold Brew Sparkling Tea 245ml (Healthy Tea) 245mlx12
Perrier - Perrier (Lemon) Natural Sparkling Mineral Water Canned France - Full Case 3x(10x250ml),PERRIER,250,30,ml,lemon natural sparkling mineral water canned france    xxml,PERRIER Perrier - Perrier (Lemon) Natural Sparkling Mineral Water Canned France - Full Case 3x(10x250ml) 250mlx30
"LDC - [Japanese Tea] LDC Hojicha No Sugar (Bottle) – 6 Bottles x 500ml, Parallel Import",LDC,500,6,ml,japanese tea  hojicha no sugar    s x,"LDC LDC - [Japanese Tea] LDC Hojicha No Sugar (Bottle) – 6 Bottles x 500ml, Parallel Import 500mlx6"
UCC - [Full Case] ucc Black coffee Cold Brew 500ml x 24 Random Packing 4901201156731 expiry 2026/12,UCC,500,24,ml,black coffee cold brew,UCC UCC - [Full Case] ucc Black coffee Cold Brew 500ml x 24 Random Packing 4901201156731 expiry 2026/12 500mlx24
Schweppes - Full case - Cream Soda Zero no sugar (330ml X 8) X 3,SCHWEPPES,330,3,ml,cream soda zero no sugar  x  x,SCHWEPPES Schweppes - Full case - Cream Soda Zero no sugar (330ml X 8) X 3 330mlx3
NESCAFÉ Dolce Gusto - [B]Lungo Capsule (Made in Germany) [Applicable to NESCAFÉ® Dolce Gusto® Coffee Machine] [C33],NESCAFE DOLCE GUSTO,16,1,servings,nescaf dolce gusto  blungo capsule made in germany applicable to nescaf dolce gusto coffee machine c,NESCAFE DOLCE GUSTO NESCAFÉ Dolce Gusto - [B]Lungo Capsule (Made in Germany) [Applicable to NESCAFÉ® Dolce Gusto® Coffee Machine] [C33] 16servingsx1
Vita - Vita - Full Case Zero Sugar Lemon Tea (500ml) x 24,VITA,500,24,ml,zero sugar lemon tea  x,VITA Vita - Vita - Full Case Zero Sugar Lemon Tea (500ml) x 24 500mlx24
Pepsi - PEPSI COLA 330ML x 24 Cans,PEPSI,330,24,ml,cola cans,PEPSI Pepsi - PEPSI COLA 330ML x 24 Cans 330mlx24
Nongfu Spring - Oriental Leaf Jasmine Tea (Unsweetened) (Hong Kong Original Box) 900ml x 12 bottles | Parallel Impor,NONGFU SPRING,900,12,ml,oriental leaf jasmine tea unsweetened hong kong original box  x  s   impor,NONGFU SPRING Nongfu Spring - Oriental Leaf Jasmine Tea (Unsweetened) (Hong Kong Original Box) 900ml x 12 bottles | Parallel Impor 900mlx12
Asahi - Asahi [Japan Tea]-Jurokucha Blend Tea Pet Bottle - Full Case 2L(Random Packing),ASAHI,2,6,l,japan teajurokucha blend tea pet,ASAHI Asahi - Asahi [Japan Tea]-Jurokucha Blend Tea Pet Bottle - Full Case 2L(Random Packing) 2lx6
Ronnefeldt - Pure Camomile 100g,RONNEFELDT,100,1,g,pure camomile,RONNEFELDT Ronnefeldt - Pure Camomile 100g 100gx1
evian - [Dealer's Goods of HK] [Full Case] 玻璃樽裝 France (有氣Sparkling) Natural Mineral Water (750ml X 12),EVIAN,750,12,ml,dealers goods of hk    france sparkling natural mineral water,EVIAN evian - [Dealer's Goods of HK] [Full Case] 玻璃樽裝 France (有氣Sparkling) Natural Mineral Water (750ml X 12) 750mlx12
MORIYAMA - 【1 BOX】Cocoa Paper Pack 1000g (4902837200157) Chocolate Milk【parallel import】Random version,MORIYAMA,1000,1,g,boxcocoa paper pack   chocolate milk  version,MORIYAMA MORIYAMA - 【1 BOX】Cocoa Paper Pack 1000g (4902837200157) Chocolate Milk【parallel import】Random version 1000gx1
MORIYAMA - Rich Smooth Taste - Cocoa 1000g (200157) (BBD: 2026.10.25) (Parallel Import),MORIYAMA,1000,1,g,rich smooth taste  cocoa   bbd,MORIYAMA MORIYAMA - Rich Smooth Taste - Cocoa 1000g (200157) (BBD: 2026.10.25) (Parallel Import) 1000gx1
ITO EN - ITO EN - Full case - Green Tea with Roasted Rice Tea (500ml) x 24,ITO EN,500,24,ml,green tea with roasted rice tea  x,ITO EN ITO EN - ITO EN - Full case - Green Tea with Roasted Rice Tea (500ml) x 24 500mlx24
COOL Water - 原箱 清涼水純淨水 原箱 (24x750ml)#33101483 Cool Water Purified Water  #新舊包裝隨機發貨,COOL WATER,750,24,ml,purified water,COOL WATER COOL Water - 原箱 清涼水純淨水 原箱 (24x750ml)#33101483 Cool Water Purified Water  #新舊包裝隨機發貨 750mlx24
UCC - [Full Case] Black Coffee Sugar Free 185g X 30Cans (#233555) (Parallel Import) (Random Delivery),UCC,185,30,g,black coffee sugar free  x cans,UCC UCC - [Full Case] Black Coffee Sugar Free 185g X 30Cans (#233555) (Parallel Import) (Random Delivery) 185gx30
Minor Figures - 2 packs x Organic Barista Oat Milk Original (1 Liter),MINOR FIGURES,1,2,l,packs x organic barista oat milk original  liter,MINOR FIGURES Minor Figures - 2 packs x Organic Barista Oat Milk Original (1 Liter) 1lx2
CR C'ESTBON - C'estbon Purified Drinking Water - Full Case 24 x 350ml,CR C'ESTBON,350,24,ml,cestbon purified drinking water,CR C'ESTBON CR C'ESTBON - C'estbon Purified Drinking Water - Full Case 24 x 350ml 350mlx24
Schweppes - Schweppes Tonic water-Full Case 4x(6x320mL) (Random Packing),SCHWEPPES,320,24,ml,tonic water  xxml,SCHWEPPES Schweppes - Schweppes Tonic water-Full Case 4x(6x320mL) (Random Packing) 320mlx24
SINGHA - (Glass Bottle) Singha Soda Water - Full Case 24x325ml (Random Packing),SINGHA,325,24,ml,glass   soda water,SINGHA SINGHA - (Glass Bottle) Singha Soda Water - Full Case 24x325ml (Random Packing) 325mlx24
SINGHA - [Full Case] SINGHA - Soda Water - 325ml x 24 Glass Bottle,SINGHA,325,24,ml,soda water   glass,SINGHA SINGHA - [Full Case] SINGHA - Soda Water - 325ml x 24 Glass Bottle 325mlx24
Nestlé - PURE LIFE AIR MINERAL Water -Full case 1500ml x 12 (Parallel Imported Products)  最新批次 日期01/2027,NESTLE,1500,12,ml,nestl  pure life air mineral water     ed products,NESTLE Nestlé - PURE LIFE AIR MINERAL Water -Full case 1500ml x 12 (Parallel Imported Products)  最新批次 日期01/2027 1500mlx12
KIRIN - Body Free Non-Alcoholic Beer 350ml x3(#092133_3) (Ramdon Delivery)(Parallel Imported),KIRIN,350,3,ml,body free nonalcoholic beer  ramdon  ed,KIRIN KIRIN - Body Free Non-Alcoholic Beer 350ml x3(#092133_3) (Ramdon Delivery)(Parallel Imported) 350mlx3
OATSIDE - OATSIDE - Chocolate Flavored Oat Milk (Plant Protein Drink) [Original Box] 6 x 1 Liter #0 Lactose,OATSIDE,1,6,l,chocolate flavored oat milk plant protein drink original box  x  liter  lactose,OATSIDE OATSIDE - OATSIDE - Chocolate Flavored Oat Milk (Plant Protein Drink) [Original Box] 6 x 1 Liter #0 Lactose 1lx6
Fernand Engel - 【Alsace Grand Cru】Domaine Fernand Engel Riesling Reserve White Wine 2023| Gift ideas,FERNAND ENGEL,750,1,ml,alsace grand crudomaine  riesling reserve white wine  gift ideas,FERNAND ENGEL Fernand Engel - 【Alsace Grand Cru】Domaine Fernand Engel Riesling Reserve White Wine 2023| Gift ideas 750mlx1
ITO EN - 伊藤園 One Cup of Aojiru Green Vegetable Juice 350g x 24 (Full Case),ITO EN,350,24,g,one cup of aojiru green vegetable juice,ITO EN ITO EN - 伊藤園 One Cup of Aojiru Green Vegetable Juice 350g x 24 (Full Case) 350gx24
Yukinomizu - 原箱 日本礦泉水550ML 日本北海道大雪山礦泉水 原箱 (細支裝-24 x 550ml)#C1151001 YUKINOMIZU NATURAL MINERAL WATER#新舊包裝隨機發貨,YUKINOMIZU,550,24,ml,natural mineral water,YUKINOMIZU Yukinomizu - 原箱 日本礦泉水550ML 日本北海道大雪山礦泉水 原箱 (細支裝-24 x 550ml)#C1151001 YUKINOMIZU NATURAL MINERAL WATER#新舊包裝隨機發貨 550mlx24
"NESCAFÉ - Nescafe Gold Instant Coffee Powder Germany, 3x200gm",NESCAFE,200,3,g,nescaf   gold instant coffee powder germany m,"NESCAFE NESCAFÉ - Nescafe Gold Instant Coffee Powder Germany, 3x200gm 200gx3"
Vita - 原箱 維他冷泡無糖鐵觀音茶  原箱 24x 250ml #28715702 Vita Cold Brew No Sugar Tie Guan Yin Tea  (新舊包裝隨機發送),VITA,250,24,ml,cold brew no sugar tie guan yin tea,VITA Vita - 原箱 維他冷泡無糖鐵觀音茶  原箱 24x 250ml #28715702 Vita Cold Brew No Sugar Tie Guan Yin Tea  (新舊包裝隨機發送) 250mlx24
Relax Eat - 【BOX】Allulose Sweetener Packet(30Stick)【BLUE】*Natural Sweetener ⭕Best Before: 10/2027⭕,RELAX EAT,3,30,g,boxallulose sweetener packetstickbluenatural sweetener best before,RELAX EAT Relax Eat - 【BOX】Allulose Sweetener Packet(30Stick)【BLUE】*Natural Sweetener ⭕Best Before: 10/2027⭕ 3gx30
LANDPARK - 原箱 行貨LANDPARK 有機活泉水 原箱(原味-12 X 500ML) 適合調配配方奶粉及嬰幼兒食用品 LANDPARK BIO MINERAL WATER (NATURAL),LANDPARK,500,12,ml,bio mineral water natural,LANDPARK LANDPARK - 原箱 行貨LANDPARK 有機活泉水 原箱(原味-12 X 500ML) 適合調配配方奶粉及嬰幼兒食用品 LANDPARK BIO MINERAL WATER (NATURAL) 500mlx12
Nongfu Spring - Nongfu Spring Natural Drinking Water (Suitable for Infants and Young Children) - Original Box 12x1L,NONGFU SPRING,1,12,l,natural drinking water suitable for infants and young children  original box xl,NONGFU SPRING Nongfu Spring - Nongfu Spring Natural Drinking Water (Suitable for Infants and Young Children) - Original Box 12x1L 1lx12
Rabenhorst - RB210 - 4004192000912 100% Cranberry Juice 750ml  No Sugar Added-  Imported from Germany,RABENHORST,750,1,ml,rb    cranberry juice   no sugar added  ed from germany,RABENHORST Rabenhorst - RB210 - 4004192000912 100% Cranberry Juice 750ml  No Sugar Added-  Imported from Germany 750mlx1
"evian - Natural Mineral Water 500ml (Full Case 24 Bottles)(Original licensed,From the Alps,Pure,Refreshing)",EVIAN,500,24,ml,natural mineral water     soriginal licensedfrom the alpspurerefreshing,"EVIAN evian - Natural Mineral Water 500ml (Full Case 24 Bottles)(Original licensed,From the Alps,Pure,Refreshing) 500mlx24"
FU HANG SOY MILK - Taiwan Soy Milk - [Original] x 6 pcs,FU HANG SOY MILK,290,6,ml,taiwan soy milk  original x  pcs,FU HANG SOY MILK FU HANG SOY MILK - Taiwan Soy Milk - [Original] x 6 pcs 290mlx6
Vita - [Full case]  Distilled Water (1500ml X 12),VITA,1500,12,ml,distilled water,VITA Vita - [Full case]  Distilled Water (1500ml X 12) 1500mlx12
Lucky Me - [Full Case] Lucky Me - Pineapple Oolong Tea - 250ml x 30,LUCKY ME,250,30,ml,pineapple oolong tea,LUCKY ME Lucky Me - [Full Case] Lucky Me - Pineapple Oolong Tea - 250ml x 30 250mlx30
東方樹葉 - Nongfu Spring - Oriental Leaf Sugar-Free Jasmine Green Tea (official import),FARMER'S SPRING,500,15,ml,nongfu spring  oriental leaf sugarfree jasmine green tea official,FARMER'S SPRING 東方樹葉 - Nongfu Spring - Oriental Leaf Sugar-Free Jasmine Green Tea (official import) 500mlx15
Ribena - Ribena - Full Case Lower in Sugar Blackcurrant Juice Drink (350ml ) x 24,RIBENA,350,24,ml,lower in sugar blackcurrant juice drink   x,RIBENA Ribena - Ribena - Full Case Lower in Sugar Blackcurrant Juice Drink (350ml ) x 24 350mlx24
MAYJUNE - Organic Korean Bitter Gourd Juice 30 pouches (Best Before: 27 Feb 2027),MAYJUNE,60,30,ml,organic korean bitter gourd juice  pouches best before  feb,MAYJUNE MAYJUNE - Organic Korean Bitter Gourd Juice 30 pouches (Best Before: 27 Feb 2027) 60mlx30
Authentic Tea House - Authentic Tea House - Gyokuro Green Tea (No Sugar) - Full box (500ml) x 24,AUTHENTIC TEA HOUSE,500,24,ml,gyokuro green tea no sugar   box  x,AUTHENTIC TEA HOUSE Authentic Tea House - Authentic Tea House - Gyokuro Green Tea (No Sugar) - Full box (500ml) x 24 500mlx24
Vita - 原箱 維他低糖檸檬茶 (黃藍綠色包裝) 原箱 (24 x 250ml) #28703914 Vita Low Sugar Lemon Tea#Random for old/new packaging,VITA,250,24,ml,low sugar lemon tea for oldnew,VITA Vita - 原箱 維他低糖檸檬茶 (黃藍綠色包裝) 原箱 (24 x 250ml) #28703914 Vita Low Sugar Lemon Tea#Random for old/new packaging 250mlx24
Vita - Vita - Full Case Lemon Tea (250ml x 6 ) x 4,VITA,250,6,ml,lemon tea   x,VITA Vita - Vita - Full Case Lemon Tea (250ml x 6 ) x 4 250mlx6
Pokka  Sapporo - 原箱 日本版SAPPORO樽裝伊達麥茶 Barlry Tea 原箱 24x600ml #WT11 #50827082#新舊包裝隨機發貨,POKKA  SAPPORO,600,24,ml,sapporo barlry tea,POKKA  SAPPORO Pokka  Sapporo - 原箱 日本版SAPPORO樽裝伊達麥茶 Barlry Tea 原箱 24x600ml #WT11 #50827082#新舊包裝隨機發貨 600mlx24
Fever Tree - Fever Tree Elderflower Tonic Water (Green Bottle) (Original Box) (150mlx8)x3 - Parallel Import,FEVER TREE,150,24,ml,elderflower tonic water green  original box mlxx,FEVER TREE Fever Tree - Fever Tree Elderflower Tonic Water (Green Bottle) (Original Box) (150mlx8)x3 - Parallel Import 150mlx24
Nongfu Spring - Nongfu Spring Drinking Natural Water Original Tank 4x4.5L Household Large Bottled Water,NONGFU SPRING,5,4,l,drinking natural water original tank  household large d water,NONGFU SPRING Nongfu Spring - Nongfu Spring Drinking Natural Water Original Tank 4x4.5L Household Large Bottled Water 5lx4
"Bonsoy - 【12Can】Sparkling coconut water Passionfruit熱情果(vegan, at least 2month shelf life random packing",BONSOY,320,12,ml,cansparkling coconut water passionfruitvegan at least month shelf life,"BONSOY Bonsoy - 【12Can】Sparkling coconut water Passionfruit熱情果(vegan, at least 2month shelf life random packing 320mlx12"
Heineken - Heineken - Heineken Beer King Can - Full Case 500ml X 24 Random packaging,HEINEKEN,500,24,ml,beer king can,HEINEKEN Heineken - Heineken - Heineken Beer King Can - Full Case 500ml X 24 Random packaging 500mlx24
Vita - Vita - Full Case Cold Brew No Sugar Jasmine Tea (500ml) x 24,VITA,500,24,ml,cold brew no sugar jasmine tea  x,VITA Vita - Vita - Full Case Cold Brew No Sugar Jasmine Tea (500ml) x 24 500mlx24
REMEDY - 【4CAN】Organic Kombucha Raspberry Lemonade Sugar Free at least 60 days shelf life,REMEDY,250,4,ml,canorganic kombucha raspberry lemonade sugar free at least  days shelf life,REMEDY REMEDY - 【4CAN】Organic Kombucha Raspberry Lemonade Sugar Free at least 60 days shelf life 250mlx4
KIRIN - Afternoon Tea Non sugar Milk Tea x 6,KIRIN,500,6,ml,afternoon tea non sugar milk tea x,KIRIN KIRIN - Afternoon Tea Non sugar Milk Tea x 6 500mlx6
COOL - Cool Water - Purified  Water - Full Case (500ml) x 24 (Random allocation of old/new version),COOL,500,24,ml,water  purified  water     x   allocation of oldnew version,COOL COOL - Cool Water - Purified  Water - Full Case (500ml) x 24 (Random allocation of old/new version) 500mlx24
Perrier - Perrier Lime Natural Sparkling Mineral Water Canned France - Full Case 3x(10x250ml),PERRIER,250,30,ml,lime natural sparkling mineral water canned france    xxml,PERRIER Perrier - Perrier Lime Natural Sparkling Mineral Water Canned France - Full Case 3x(10x250ml) 250mlx30
Suntory - Suntory - Full Case Lemon Flavored Sparkling Drink (Lower in Sugar) (500ml ) x 24,SUNTORY,500,24,ml,lemon flavored sparkling drink lower in sugar   x,SUNTORY Suntory - Suntory - Full Case Lemon Flavored Sparkling Drink (Lower in Sugar) (500ml ) x 24 500mlx24
Authentic Tea House - Authentic Tea House - Puer Tea - Full box (No Sugar) (500ml) x 24,AUTHENTIC TEA HOUSE,500,24,ml,puer tea   box no sugar  x,AUTHENTIC TEA HOUSE Authentic Tea House - Authentic Tea House - Puer Tea - Full box (No Sugar) (500ml) x 24 500mlx24
"MILK - 原箱 保利澳洲全脂純牛奶 Pauls  Pure Full Cream  Milk  (藍色盒) 原箱 (24 x 250ml) #原裝香港行貨 ,信心保證#新舊包裝隨機發貨",MILK,250,24,ml,pauls  pure  cream,"MILK MILK - 原箱 保利澳洲全脂純牛奶 Pauls  Pure Full Cream  Milk  (藍色盒) 原箱 (24 x 250ml) #原裝香港行貨 ,信心保證#新舊包裝隨機發貨 250mlx24"
UCC - Sugar Free Black Coffee 375g x 24 Bottles (#153433) (Random Delivery) (Parallel Import),UCC,375,24,g,sugar free black coffee  x  s,UCC UCC - Sugar Free Black Coffee 375g x 24 Bottles (#153433) (Random Delivery) (Parallel Import) 375gx24
iF - IF 100% Natural Young Coconut Water – 350ml x 12 Bottles | Parallel Import,IF,350,12,ml,natural young coconut water   x  s,IF iF - IF 100% Natural Young Coconut Water – 350ml x 12 Bottles | Parallel Import 350mlx12
"Tian Di No. 1 - Tian Di No.1 Apple Vinegar Drink (canned) -15x330 milliliters, imported in parallel",TIAN DI NO. 1,330,15,ml,tian di no apple vinegar drink canned x milliliters ed in,"TIAN DI NO. 1 Tian Di No. 1 - Tian Di No.1 Apple Vinegar Drink (canned) -15x330 milliliters, imported in parallel 330mlx15"
Vita - Vita - Full Case Lemon Tea low Sugar (250ml x 6 ) x 4,VITA,250,6,ml,lemon tea low sugar   x,VITA Vita - Vita - Full Case Lemon Tea low Sugar (250ml x 6 ) x 4 250mlx6
LIBOGEN - Libogen Tonic Vitaminizes Drink - 10 bottle x 150ml (Random Packing),LIBOGEN,150,10,ml,tonic vitaminizes drink    x,LIBOGEN LIBOGEN - Libogen Tonic Vitaminizes Drink - 10 bottle x 150ml (Random Packing) 150mlx10
Red Bull - [Full Case] Red Bull - (Austria) Lilac Edition Energy Drink - Grapefruit & Blossom - 250ml x 24,RED BULL,250,24,ml,austria lilac edition energy drink  grapefruit  blossom,RED BULL Red Bull - [Full Case] Red Bull - (Austria) Lilac Edition Energy Drink - Grapefruit & Blossom - 250ml x 24 250mlx24
Lo Hong Ka - Aloe Vera - Crystal Sugar 350ml (4 bottles),LO HONG KA,350,4,ml,aloe vera  crystal sugar   s,LO HONG KA Lo Hong Ka - Aloe Vera - Crystal Sugar 350ml (4 bottles) 350mlx4
東方樹葉 - Nongfu Spring - Oriental Leaf Tangerine Peel White Tea 6 x 500ml - Parallel Import,FARMER'S SPRING,500,6,ml,nongfu spring  oriental leaf tangerine peel white tea  x,FARMER'S SPRING 東方樹葉 - Nongfu Spring - Oriental Leaf Tangerine Peel White Tea 6 x 500ml - Parallel Import 500mlx6
San Pellegrino - San Pellegrino Sparkling Limonata (Lemon) (Glass Bottle) - Full Case 200ml,SAN PELLEGRINO,200,24,ml,sparkling limonata lemon glass,SAN PELLEGRINO San Pellegrino - San Pellegrino Sparkling Limonata (Lemon) (Glass Bottle) - Full Case 200ml 200mlx24
MONSTER - Monster Ultra Energy Drink (White Can) (355ml) - Parallel Import,MONSTER,355,1,ml,ultra energy drink white can,MONSTER MONSTER - Monster Ultra Energy Drink (White Can) (355ml) - Parallel Import 355mlx1
CR C'ESTBON - Cr C'estbon Purified Drinking Water - Full Case 12x1.55L,CR C'ESTBON,55,12,l,purified drinking water,CR C'ESTBON CR C'ESTBON - Cr C'estbon Purified Drinking Water - Full Case 12x1.55L 55lx12
"Yakushima - Yakushima Jomon Natural Mineral Water (Bottle) – Full Case 2L, Japanese Water, Parallel Import",YAKUSHIMA,2,6,ltr,jomon natural mineral water     l japanese water,"YAKUSHIMA Yakushima - Yakushima Jomon Natural Mineral Water (Bottle) – Full Case 2L, Japanese Water, Parallel Import 2ltrx6"
"Binggrae - 【Full Case】Korean Banana Milk 200ml (24 Bags)(Fresh Skim Milk, Korea's No.1 National Brand)",BINGGRAE,200,24,ml,korean banana milk   bagsfresh skim milk koreas no national brand,"BINGGRAE Binggrae - 【Full Case】Korean Banana Milk 200ml (24 Bags)(Fresh Skim Milk, Korea's No.1 National Brand) 200mlx24"
Lo Hong Ka - Aloe Vera - Honey 350ml (4 bottles),LO HONG KA,350,4,ml,aloe vera  honey   s,LO HONG KA Lo Hong Ka - Aloe Vera - Honey 350ml (4 bottles) 350mlx4
Bonaqua - 6支裝  飛雪礦物質水 Bonaqua Mineralised Water  6支裝  (6 x 1.5L) #150557,BONAQUA,5,6,l,mineralised water,BONAQUA Bonaqua - 6支裝  飛雪礦物質水 Bonaqua Mineralised Water  6支裝  (6 x 1.5L) #150557 5lx6
Vita - Vita - Full Case Cold Brew No Sugar Cold Brew No Sugar Jasmine Tea ( 860ml) x 12,VITA,860,12,ml,cold brew no sugar cold brew no sugar jasmine tea   x,VITA Vita - Vita - Full Case Cold Brew No Sugar Cold Brew No Sugar Jasmine Tea ( 860ml) x 12 860mlx12
東方樹葉 - Oriental Leaves - Sugar-Free Green Mandarin Pu'er (Bottle) - 2x(6x335ml) - Sugar-Free,FARMER'S SPRING,335,12,ml,oriental leaves  sugarfree green mandarin puer   xxml  sugarfree,FARMER'S SPRING 東方樹葉 - Oriental Leaves - Sugar-Free Green Mandarin Pu'er (Bottle) - 2x(6x335ml) - Sugar-Free 335mlx12
MORIYAMA - Japan Moriyama Cocoa Drink 1000g x 3 (BBD : 2027.01.27) #ChocolateMilk #CocoaMilk,MORIYAMA,1000,3,g,japan  cocoa drink  bbd,MORIYAMA MORIYAMA - Japan Moriyama Cocoa Drink 1000g x 3 (BBD : 2027.01.27) #ChocolateMilk #CocoaMilk 1000gx3
NESCAFÉ - Nescafe Rich Coffee 250ml - Full case (6 cans) x 4 Different packaging shipped randomly,NESCAFE,250,4,ml,nescaf   rich coffee      cans x  different  shipped ly,NESCAFE NESCAFÉ - Nescafe Rich Coffee 250ml - Full case (6 cans) x 4 Different packaging shipped randomly 250mlx4
SANGARIA - [Japan Made]-Popping Grape Soda Mini Can – 6 Cans x 250ml Parallel Import,SANGARIA,250,6,ml,japan madepopping grape soda mini can   cans x,SANGARIA SANGARIA - [Japan Made]-Popping Grape Soda Mini Can – 6 Cans x 250ml Parallel Import 250mlx6
Remedy Drinks - SODALY Yuzu Lemon Prebiotic ACV Carbonated water drinks (250ml x 4),REMEDY DRINKS,250,4,ml,sodaly yuzu lemon prebiotic acv carbonated water drinks  x,REMEDY DRINKS Remedy Drinks - SODALY Yuzu Lemon Prebiotic ACV Carbonated water drinks (250ml x 4) 250mlx4
Vita - 原箱  Jasmine Tea 維他冷泡無糖茶 香片 原箱 (24 x 250ml) #28710691 Vita Cold Brew No Sugar Jasmine Tea#新舊包裝隨機發貨,VITA,250,24,ml,jasmine tea       cold brew no sugar jasmine tea,VITA Vita - 原箱  Jasmine Tea 維他冷泡無糖茶 香片 原箱 (24 x 250ml) #28710691 Vita Cold Brew No Sugar Jasmine Tea#新舊包裝隨機發貨 250mlx24
Robiff - Robiff Oolong Tea 900ml x 12,ROBIFF,900,12,ml,oolong tea  x,ROBIFF Robiff - Robiff Oolong Tea 900ml x 12 900mlx12
COOL Water - COOL Water-purified water 750ml x 24 [Full Case] (4891133241202),COOL WATER,750,24,ml,purified water,COOL WATER COOL Water - COOL Water-purified water 750ml x 24 [Full Case] (4891133241202) 750mlx24
"Bonsoy - 【12Can Lychee 】 Natural sparkling coconut water 原箱荔枝(vegan,no added sugar) at least 2month shelf lif",BONSOY,320,12,ml,can lychee  natural sparkling coconut water veganno added sugar at least month shelf lif,"BONSOY Bonsoy - 【12Can Lychee 】 Natural sparkling coconut water 原箱荔枝(vegan,no added sugar) at least 2month shelf lif 320mlx12"
BLUE DIAMOND - Almond Breeze (Original) 946ml x12 | Buy More Save More,BLUE DIAMOND,946,12,ml,almond breeze original  x  buy more save more,BLUE DIAMOND BLUE DIAMOND - Almond Breeze (Original) 946ml x12 | Buy More Save More 946mlx12
Asahi - Asahi WONDA Gold Bito coffee x 30 (Full Case),ASAHI,185,30,g,wonda gold bito coffee x,ASAHI Asahi - Asahi WONDA Gold Bito coffee x 30 (Full Case) 185gx30
Suntory - Suntory Oolong Tea Unsweetened (Jasmine) - Full Case 500ml,SUNTORY,500,15,ml,oolong tea unsweetened jasmine,SUNTORY Suntory - Suntory Oolong Tea Unsweetened (Jasmine) - Full Case 500ml 500mlx15
You C1000 - You C1000 Vitamin Health Drink Orange (Glass Bottle) - 6x140ml (Parallel Import),YOU C1000,140,6,ml,vitamin health drink orange glass,YOU C1000 You C1000 - You C1000 Vitamin Health Drink Orange (Glass Bottle) - 6x140ml (Parallel Import) 140mlx6
Kronenbourg - K1664 Kronenbourg Blanc Pale Ale (Jumbo Can) - 12x500ml Parallel Imported,KRONENBOURG,500,12,ml,k  blanc pale ale jumbo can  xml  ed,KRONENBOURG Kronenbourg - K1664 Kronenbourg Blanc Pale Ale (Jumbo Can) - 12x500ml Parallel Imported 500mlx12
evian - Evian Natural Mineral Water France 12 x 1.5L (Random Packing),EVIAN,5,12,l,natural mineral water france,EVIAN evian - Evian Natural Mineral Water France 12 x 1.5L (Random Packing) 5lx12
Asahi - Full case - Mitsuya Tokuno Peach Squash 500ml X 24 (parallel imports product）EXP. 2026/01/31,ASAHI,500,1,ml,mitsuya tokuno peach squash  x   s productexp,ASAHI Asahi - Full case - Mitsuya Tokuno Peach Squash 500ml X 24 (parallel imports product）EXP. 2026/01/31 500mlx1
KIRIN - Fire Coffee Bito Low sugar x 30,KIRIN,185,30,g,fire coffee bito low sugar x,KIRIN KIRIN - Fire Coffee Bito Low sugar x 30 185gx30
"Perrier - Perrier Paris, France  Natural Sparkling mineral water [10 cans] -10 x 250 mL gas",PERRIER,250,10,ml,paris france  natural sparkling mineral water  cans  x   gas,"PERRIER Perrier - Perrier Paris, France  Natural Sparkling mineral water [10 cans] -10 x 250 mL gas 250mlx10"
Fontana - [Full Case] Mango Juice - 1L x 12,FONTANA,1,12,l,mango juice   x,FONTANA Fontana - [Full Case] Mango Juice - 1L x 12 1lx12
Perrier - [Full Case] Sparkling Natural Mineral Water Bottle (Glass) 330ml x 24,PERRIER,330,24,ml,sparkling natural mineral water  glass,PERRIER Perrier - [Full Case] Sparkling Natural Mineral Water Bottle (Glass) 330ml x 24 330mlx24
CHI FOREST - Chi Forest Peach flavored Soda Sparkling Water [15 Bottles in Original Box] - (15x480ml),CHI FOREST,480,15,ml,peach flavored soda sparkling water  s in original box,CHI FOREST CHI FOREST - Chi Forest Peach flavored Soda Sparkling Water [15 Bottles in Original Box] - (15x480ml) 480mlx15
Nestlé - Activ-Go Malted Milk Value Pack 1300g (1.3KG) Made in Singapore [C35-05],NESTLE,1300,1,g,nestl  activgo malted milk value pack  kg made in singapore c,NESTLE Nestlé - Activ-Go Malted Milk Value Pack 1300g (1.3KG) Made in Singapore [C35-05] 1300gx1
Vita - Vita - Full Case TSZ Sugarcane and Imperatae (250ml x 6 ) x 4,VITA,250,6,ml,tsz sugarcane and imperatae   x,VITA Vita - Vita - Full Case TSZ Sugarcane and Imperatae (250ml x 6 ) x 4 250mlx6
AVALANCHE - (BBD:11/04/2027) 99% SF Chai Latte 20g X 10(0520),AVALANCHE,20,10,g,bbd  sf chai latte,AVALANCHE AVALANCHE - (BBD:11/04/2027) 99% SF Chai Latte 20g X 10(0520) 20gx10
可口可樂 - Coca-Cola plus Sugar-Free Cola Soda - 8  x 330ml White Cans (Hong Kong Licensed),COCA COLA,330,8,ml,cocacola plus sugarfree cola soda    x  white cans hong kong licensed,COCA COLA 可口可樂 - Coca-Cola plus Sugar-Free Cola Soda - 8  x 330ml White Cans (Hong Kong Licensed) 330mlx8
evian - evian- Full Case Natural Mineral Water (sports cap) (750ml) x 12,EVIAN,750,12,ml,natural mineral water sports cap  x,EVIAN evian - evian- Full Case Natural Mineral Water (sports cap) (750ml) x 12 750mlx12
SANGARIA - [Japan Made]-Popping Melon Soda Mini Can – 6 Cans x 250ml Parallel Import,SANGARIA,250,6,ml,japan madepopping melon soda mini can   cans x,SANGARIA SANGARIA - [Japan Made]-Popping Melon Soda Mini Can – 6 Cans x 250ml Parallel Import 250mlx6
可口可樂 - Coca-Cola Zero Sugar Carbonated Drink [Hong Kong Licensed] Original Box Cans (3x(8x330mL)),COCA COLA,3,8,x,cocacola zero sugar carbonated drink hong kong licensed original box cans xxml,COCA COLA 可口可樂 - Coca-Cola Zero Sugar Carbonated Drink [Hong Kong Licensed] Original Box Cans (3x(8x330mL)) 3xx8
Vita - Vita - Full Case Zero Sugar Lemon Tea (330ml ) x 24,VITA,330,24,ml,zero sugar lemon tea   x,VITA Vita - Vita - Full Case Zero Sugar Lemon Tea (330ml ) x 24 330mlx24
ACQUA PANNA - Acqua Panna 505ml×24 Glass Bottles | #AlkalineWater #Healthy | Parallel Import,ACQUA PANNA,505,24,ml,glass s,ACQUA PANNA ACQUA PANNA - Acqua Panna 505ml×24 Glass Bottles | #AlkalineWater #Healthy | Parallel Import 505mlx24
Uni-President - Unified Double Extract Duck Shit Flavor Lemon Tea (Bottled) - Original Box 15x500ml,UNI,500,15,ml,president  fied double extract duck shit flavor lemon tea d  original box,UNI Uni-President - Unified Double Extract Duck Shit Flavor Lemon Tea (Bottled) - Original Box 15x500ml 500mlx15
Vita - Vita - Full Case Zero Sugar Sparkling Lemon Tea (310ml x 6 ) x 4,VITA,310,6,ml,zero sugar sparkling lemon tea   x,VITA Vita - Vita - Full Case Zero Sugar Sparkling Lemon Tea (310ml x 6 ) x 4 310mlx6
marusan - Roasted Almond Milk Original Paper Pack - Full Case 200ml / Japan Marusan / Parallel Import #64624,MARUSAN,200,24,ml,roasted almond milk original paper pack      japan,MARUSAN marusan - Roasted Almond Milk Original Paper Pack - Full Case 200ml / Japan Marusan / Parallel Import #64624 200mlx24
可口可樂 - [Full Box] I Lohas Natural Mineral Water #3625(2L x 6 Bottles  EXP : 2028.3) 6*4902102113625,COCA COLA,2,6,l,box i lohas natural mineral water   exp,COCA COLA 可口可樂 - [Full Box] I Lohas Natural Mineral Water #3625(2L x 6 Bottles  EXP : 2028.3) 6*4902102113625 2lx6
POCARI SWEAT - Baokuangli Water Special [6 Bottles] Electrolyte Supplement Drink -6x 500 ml Parallel Import,POCARI SWEAT,500,6,ml,baokuangli water special  s electrolyte supplement drink x,POCARI SWEAT POCARI SWEAT - Baokuangli Water Special [6 Bottles] Electrolyte Supplement Drink -6x 500 ml Parallel Import 500mlx6
ITO EN - Oi Genmai Green Tea 600ml x 6,ITO EN,600,6,ml,oi genmai green tea,ITO EN ITO EN - Oi Genmai Green Tea 600ml x 6 600mlx6
Shikuwasa - Shikuwasa Hand-picked fresh-cut lemon and orange juice / 100% fruit juice 500ml Parallel import,SHIKUWASA,500,1,ml,handpicked freshcut lemon and orange juice   fruit juice,SHIKUWASA Shikuwasa - Shikuwasa Hand-picked fresh-cut lemon and orange juice / 100% fruit juice 500ml Parallel import 500mlx1
CHI FOREST - Alien electrolyte Water [Litchi sea salt flavor] -  15x600ml,CHI FOREST,600,15,ml,alien electrolyte water litchi sea salt flavor   xml,CHI FOREST CHI FOREST - Alien electrolyte Water [Litchi sea salt flavor] -  15x600ml 600mlx15
BLUE DIAMOND - Almond Breeze Unsweetened (Original) 946ml x12 | Buy More Save More,BLUE DIAMOND,946,12,ml,almond breeze unsweetened original  x  buy more save more,BLUE DIAMOND BLUE DIAMOND - Almond Breeze Unsweetened (Original) 946ml x12 | Buy More Save More 946mlx12
POCARI SWEAT - Full case - Pocari Sweat (2L) x 6 (Parallel Imported Products),POCARI SWEAT,2,6,l,x   ed products,POCARI SWEAT POCARI SWEAT - Full case - Pocari Sweat (2L) x 6 (Parallel Imported Products) 2lx6
水彩之森 - 原箱 日本水彩之森天然水 原箱 (6 x2L)#61000518 HOKKAIDO KUROMATSUNAI NATURAL MINERAL WATER #水源地:黑松內町#PH值7.9最適合人體飲用,HOKKAIDO KUROMATSUNAI,2,6,l,natural mineral water,HOKKAIDO KUROMATSUNAI 水彩之森 - 原箱 日本水彩之森天然水 原箱 (6 x2L)#61000518 HOKKAIDO KUROMATSUNAI NATURAL MINERAL WATER #水源地:黑松內町#PH值7.9最適合人體飲用 2lx6
Shikuwasa 100% Green Cherry Lemon Lime Juice 300ml Parallel Import,SHIKUWASA,300,1,ml,green cherry lemon lime juice,SHIKUWASA Shikuwasa 100% Green Cherry Lemon Lime Juice 300ml Parallel Import 300mlx1
evian - Evian Natural Mineral Water 6x500ml (Random Packaging) [Parallel Import],EVIAN,500,6,ml,natural mineral water,EVIAN evian - Evian Natural Mineral Water 6x500ml (Random Packaging) [Parallel Import] 500mlx6
Nestlé - [Original Box]  Ice Lemon Tea (315ml x24 cans) [原箱罐裝] 冰極檸檬茶(315ml x24罐) BBF:20-11-26,NESTLE,315,24,ml,nestl  original box  ice lemon tea  cans   bbf,NESTLE Nestlé - [Original Box]  Ice Lemon Tea (315ml x24 cans) [原箱罐裝] 冰極檸檬茶(315ml x24罐) BBF:20-11-26 315mlx24
Volvic - [European Authentic Product] Volvic Natural Mineral Water (Original Box) 12 x 1500 ml,VOLVIC,5,12,l,european authentic product  natural mineral water original box  x  ml,VOLVIC Volvic - [European Authentic Product] Volvic Natural Mineral Water (Original Box) 12 x 1500 ml 5lx12
KIRIN - [Full Case] Afternoon Tea Lemon Tea1.5L x 8 Bottles 4909411086312 expiry 2026/11,KIRIN,5,8,l,afternoon tea lemon tea s,KIRIN KIRIN - [Full Case] Afternoon Tea Lemon Tea1.5L x 8 Bottles 4909411086312 expiry 2026/11 5lx8
Perrier - [Full Case] Sparkling Natural Mineral Water 25cl x 30cans,PERRIER,250,30,ml,sparkling natural mineral water cl x cans,PERRIER Perrier - [Full Case] Sparkling Natural Mineral Water 25cl x 30cans 250mlx30
evian - Evian Natural Mineral Water France - Full Case 12x1.5L (Random Packing),EVIAN,5,12,l,natural mineral water france    xl,EVIAN evian - Evian Natural Mineral Water France - Full Case 12x1.5L (Random Packing) 5lx12
"Asahi - Asahi [Japan Tea]-Jurokucha Barly Tea Pet Bottle - Full Case 600ml, Parallel Import",ASAHI,600,24,ml,japan teajurokucha barly tea pet,"ASAHI Asahi - Asahi [Japan Tea]-Jurokucha Barly Tea Pet Bottle - Full Case 600ml, Parallel Import 600mlx24"
"ITO EN - itoen instant Matcha brown Rice tea powder can be imported in parallel in 40g, both hot and cold",ITO EN,40,1,g,itoen instant matcha brown rice tea powder can be ed in  in both hot and cold,"ITO EN ITO EN - itoen instant Matcha brown Rice tea powder can be imported in parallel in 40g, both hot and cold 40gx1"
AQUAFINA - Pepsi - Aquafina Pure Water Soda Drink (Canned) (Original Box) 24 x 320ml - Parallel Import,AQUAFINA,320,24,ml,pepsi   pure water soda drink canned original box  x,AQUAFINA AQUAFINA - Pepsi - Aquafina Pure Water Soda Drink (Canned) (Original Box) 24 x 320ml - Parallel Import 320mlx24
BLUE DIAMOND - Almond Breeze Unsweetened Barista Blend 946ml x 6 #vegan #almondmilk,BLUE DIAMOND,946,6,ml,almond breeze unsweetened barista blend,BLUE DIAMOND BLUE DIAMOND - Almond Breeze Unsweetened Barista Blend 946ml x 6 #vegan #almondmilk 946mlx6
Chang - Thai Elephant Chang Soda Water 0 Fat 0 Calorie Non-Greasy (12 Bottles)-Parallel Imported,CHANG,325,12,ml,thai elephant  soda water  fat  calorie nongreasy  s ed,CHANG Chang - Thai Elephant Chang Soda Water 0 Fat 0 Calorie Non-Greasy (12 Bottles)-Parallel Imported 325mlx12
Vita - VitaOat Oat Milk - Full Case 250ml,VITA,250,24,ml,oat oat milk,VITA Vita - VitaOat Oat Milk - Full Case 250ml 250mlx24
ITO EN - Relax Jasmine Tea x 6,ITO EN,600,6,ml,relax jasmine tea x,ITO EN ITO EN - Relax Jasmine Tea x 6 600mlx6
Perrier - Perrier (Citrus & Cherry ) Natural Mineral Water France (Glass Bottle) - Full Case 6x(4x330mL),PERRIER,330,24,ml,citrus  cherry  natural mineral water france glass     xxml,PERRIER Perrier - Perrier (Citrus & Cherry ) Natural Mineral Water France (Glass Bottle) - Full Case 6x(4x330mL) 330mlx24
TW - [Full Case] All in One Instant Extra Creamy Milk Tea,TW,14,12,g,all in one instant extra creamy milk tea,TW TW - [Full Case] All in One Instant Extra Creamy Milk Tea 14gx12
"可口可樂 - Coca Cola [Japan Green Tea]-Ayataka Chaba-No-Amami Pet Bottle - Full Case (Expiry Date: 25,Oct,2026)",COCA COLA,650,24,ml,japan green teaayataka chabanoamami pet      date oct,"COCA COLA 可口可樂 - Coca Cola [Japan Green Tea]-Ayataka Chaba-No-Amami Pet Bottle - Full Case (Expiry Date: 25,Oct,2026) 650mlx24"
evian - [Dealer's Goods of HK] [Full Case] 玻璃樽裝 France Evian (有氣Sparkling) Natural Mineral Water (330ml X 20,EVIAN,330,20,ml,dealers goods of hk    france  sparkling natural mineral water,EVIAN evian - [Dealer's Goods of HK] [Full Case] 玻璃樽裝 France Evian (有氣Sparkling) Natural Mineral Water (330ml X 20 330mlx20
Sanitarium - So Good UHT Almond Unsweetened 1 L,SANITARIUM,1,1,l,so good uht almond unsweetened,SANITARIUM Sanitarium - So Good UHT Almond Unsweetened 1 L 1lx1
HARVEY FRESH - 原箱 澳洲Harvey Fresh Lactose Free SKIM Milk 原箱 12x1L#01719 澳洲哈維無乳糖脫脂牛奶#適合乳糖不耐者#新舊包裝隨機發貨,HARVEY FRESH,1,12,l,lactose free skim milk,HARVEY FRESH HARVEY FRESH - 原箱 澳洲Harvey Fresh Lactose Free SKIM Milk 原箱 12x1L#01719 澳洲哈維無乳糖脫脂牛奶#適合乳糖不耐者#新舊包裝隨機發貨 1lx12
Binggrae - Korean Strawberry Milk 12pcs,BINGGRAE,200,12,ml,korean strawberry milk pcs,BINGGRAE Binggrae - Korean Strawberry Milk 12pcs 200mlx12
Nongfu Spring - Nongfu Spring Natural Drinking Water (Suitable for Infants and Young Children) - Original Box 12x1L,NONGFU SPRING,1,12,l,natural drinking water suitable for infants and young children  original box xl,NONGFU SPRING Nongfu Spring - Nongfu Spring Natural Drinking Water (Suitable for Infants and Young Children) - Original Box 12x1L 1lx12
SANGARIA - Blend Black Coffee x 30 (Full Case),SANGARIA,185,30,g,blend black coffee x,SANGARIA SANGARIA - Blend Black Coffee x 30 (Full Case) 185gx30
watsons - Watsons water Full case (620ml) x 24,WATSONS,620,24,ml,water    x,WATSONS watsons - Watsons water Full case (620ml) x 24 620mlx24
MAMA'S WORKSHOP - Chuanbei stewed lemon with rock sugar (7bottle*310mL/ set),MAMA'S WORKSHOP,310,7,ml,chuanbei stewed lemon with rock sugar  set,MAMA'S WORKSHOP MAMA'S WORKSHOP - Chuanbei stewed lemon with rock sugar (7bottle*310mL/ set) 310mlx7
marusan - Mainichi Oishii Roasted Almond Milk Paper Pack 1L- Marusan 丸山 Japan Made,MARUSAN,1,1,l,mainichi oishii roasted almond milk paper pack    japan made,MARUSAN marusan - Mainichi Oishii Roasted Almond Milk Paper Pack 1L- Marusan 丸山 Japan Made 1lx1
FIZ - 【FIZ】Low Sugar Sparkling Lychee Juice Canned - Full Case 330ml,FIZ,330,24,ml,low sugar sparkling lychee juice canned,FIZ FIZ - 【FIZ】Low Sugar Sparkling Lychee Juice Canned - Full Case 330ml 330mlx24
Ligo - [3pcs] LIGO - Direct From Europe - 100% Natural Tomato Juice - 1L x 3,LIGO,1,3,l,pcs   direct from europe   natural tomato juice,LIGO Ligo - [3pcs] LIGO - Direct From Europe - 100% Natural Tomato Juice - 1L x 3 1lx3
Binggrae - Korean Banana Milk Light 6pcs,BINGGRAE,200,6,ml,korean banana milk light pcs,BINGGRAE Binggrae - Korean Banana Milk Light 6pcs 200mlx6
NESCAFÉ Dolce Gusto - [B]Chococino Capsule [Applicable to NESCAFÉ®Dolce Gusto® Coffee Machine][C33] EXP:30/09/2026,NESCAFE DOLCE GUSTO,16,1,servings,nescaf dolce gusto  bchococino capsule applicable to nescafdolce gusto coffee machinec exp,NESCAFE DOLCE GUSTO NESCAFÉ Dolce Gusto - [B]Chococino Capsule [Applicable to NESCAFÉ®Dolce Gusto® Coffee Machine][C33] EXP:30/09/2026 16servingsx1
Remedy Drinks - Australian Organic KOMBUCHA-Peach 250ml x 4 (BBD  DEC 2026),REMEDY DRINKS,250,4,ml,australian organic kombuchapeach  bbd  dec,REMEDY DRINKS Remedy Drinks - Australian Organic KOMBUCHA-Peach 250ml x 4 (BBD  DEC 2026) 250mlx4
Schweppes - Sparkling Water Lime Flavoured (1.25L X 2),SCHWEPPES,25,2,l,sparkling water lime flavoured,SCHWEPPES Schweppes - Sparkling Water Lime Flavoured (1.25L X 2) 25lx2
SANGARIA - SANGARIA [Japan Green Tea] Your Matcha Brown Rice Tea Sugarless Bottle 6x500ml,SANGARIA,500,6,ml,japan green tea your matcha brown rice tea sugarless  xml,SANGARIA SANGARIA - SANGARIA [Japan Green Tea] Your Matcha Brown Rice Tea Sugarless Bottle 6x500ml 500mlx6
"東方樹葉 - Nongfu Spring - Oriental Leaf Black Oolong Tea (Hong Kong version, official import) 15x500ml",FARMER'S SPRING,500,15,ml,nongfu spring  oriental leaf black oolong tea hong kong version official,"FARMER'S SPRING 東方樹葉 - Nongfu Spring - Oriental Leaf Black Oolong Tea (Hong Kong version, official import) 15x500ml 500mlx15"
watsons - Distilled Water 4.5L【Best Before: 01/2028】,WATSONS,5,1,l,distilled water best before,WATSONS watsons - Distilled Water 4.5L【Best Before: 01/2028】 5lx1
UCC - [Full Case] Cold Brew Black Coffee PET 500ml x 24 Bottles (#156738) (Random Delivery),UCC,500,24,ml,cold brew black coffee pet  x  s,UCC UCC - [Full Case] Cold Brew Black Coffee PET 500ml x 24 Bottles (#156738) (Random Delivery) 500mlx24
SINGHA - Singha Zero Sugar Strawberry Lemon Soda 330ml x 6(EXP:Y/M/D-2026/12+),SINGHA,330,6,ml,zero sugar strawberry lemon soda expymd,SINGHA SINGHA - Singha Zero Sugar Strawberry Lemon Soda 330ml x 6(EXP:Y/M/D-2026/12+) 330mlx6
Relax Eat - 【BAG】Allulose Sweetener *Natural Sweetener ⭕Bestbefore 03/2027⭕,RELAX EAT,400,1,g,bagallulose sweetener natural sweetener bestbefore,RELAX EAT Relax Eat - 【BAG】Allulose Sweetener *Natural Sweetener ⭕Bestbefore 03/2027⭕ 400gx1
Red Bull - Red Bull - Red Bull (Gold Can) Vitamin Sports Drink (Original Box) 24x250ml - Parallel Import,RED BULL,250,24,ml,gold can vitamin sports drink original box,RED BULL Red Bull - Red Bull - Red Bull (Gold Can) Vitamin Sports Drink (Original Box) 24x250ml - Parallel Import 250mlx24
可口可樂 - Full case - Coca-Cola - Coca Cola Original Bottled - Full Case 500ml,COCA COLA,500,24,ml,cocacola   original d,COCA COLA 可口可樂 - Full case - Coca-Cola - Coca Cola Original Bottled - Full Case 500ml 500mlx24
Tao Ti - Tao Ti Supreme MetaSlim Tea - Full Case(250ml x 6) x 4,TAO TI,250,6,ml,supreme metaslim tea    x,TAO TI Tao Ti - Tao Ti Supreme MetaSlim Tea - Full Case(250ml x 6) x 4 250mlx6
椰樹牌 - Coconut Tree Brand Coconut Juice (Canned) [Original Box 24 cans] 24x245ml - Parallel Import,COCONUT PALM,245,24,ml,coconut tree brand coconut juice canned original box  cans,COCONUT PALM 椰樹牌 - Coconut Tree Brand Coconut Juice (Canned) [Original Box 24 cans] 24x245ml - Parallel Import 245mlx24
"Perrier - perrier Paris, France  Natural Sparkling Mineral Water [10 cans] -10 x 250 mL gas",PERRIER,250,10,ml,paris france  natural sparkling mineral water  cans  x   gas,"PERRIER Perrier - perrier Paris, France  Natural Sparkling Mineral Water [10 cans] -10 x 250 mL gas 250mlx10"
watsons - Water with Minerals 430ml【Best Before: 01/2028】,WATSONS,430,1,ml,water with minerals best before,WATSONS watsons - Water with Minerals 430ml【Best Before: 01/2028】 430mlx1
LAKANTO - Low GI Instant Teh Tarik Milk Tea - Naturally sweetened with monk fruit 35g x 12,LAKANTO,35,12,g,low gi instant teh tarik milk tea  naturally sweetened with monk fruit,LAKANTO LAKANTO - Low GI Instant Teh Tarik Milk Tea - Naturally sweetened with monk fruit 35g x 12 35gx12
Lancang Ancient Chinese Tea - 2020's 0081#Yunnan Puer Tea,LANCANG ANCIENT CHINESE TEA,357,1,g,s  puer tea,LANCANG ANCIENT CHINESE TEA Lancang Ancient Chinese Tea - 2020's 0081#Yunnan Puer Tea 357gx1
"BREMNER'S -  原箱 加拿大BREMNER'S 100%純藍莓汁 原箱(12x100ml) #001211 100% Pure Blueberry Juice (抗氧化, 無添加, 不含防腐劑) #新舊包裝隨機發貨",BREMNER'S,100,12,ml,pure blueberry juice,"BREMNER'S BREMNER'S -  原箱 加拿大BREMNER'S 100%純藍莓汁 原箱(12x100ml) #001211 100% Pure Blueberry Juice (抗氧化, 無添加, 不含防腐劑) #新舊包裝隨機發貨 100mlx12"
Pepsi - PEPSI ZERO SUGAR LIME 330ML x 24 Cans,PEPSI,330,24,ml,zero sugar lime cans,PEPSI Pepsi - PEPSI ZERO SUGAR LIME 330ML x 24 Cans 330mlx24
Schweppes - Schweppes Grapefruit-Flavored Soda - 8 x 330ml [Hong Kong Version] (Random Packing),SCHWEPPES,330,8,ml,grapefruitflavored soda   x  hong kong version,SCHWEPPES Schweppes - Schweppes Grapefruit-Flavored Soda - 8 x 330ml [Hong Kong Version] (Random Packing) 330mlx8
Remedy Drinks - SODALY Guava Prebiotic ACV Carbonated water drinks (250ml x 4),REMEDY DRINKS,250,4,ml,sodaly guava prebiotic acv carbonated water drinks  x,REMEDY DRINKS Remedy Drinks - SODALY Guava Prebiotic ACV Carbonated water drinks (250ml x 4) 250mlx4
Volvic - [12PCS] Natural Mineral Water 1.5L 3057640257858 [Parallel Goods] #Volvic #MineralWater,VOLVIC,1500,12,ml,pcs natural mineral water l   goods,VOLVIC Volvic - [12PCS] Natural Mineral Water 1.5L 3057640257858 [Parallel Goods] #Volvic #MineralWater 1500mlx12
NESTEA - Nestea Lemon Tea - full case (315ml 6 Cans) x 4,NESTEA,315,4,ml,lemon tea      cans x,NESTEA NESTEA - Nestea Lemon Tea - full case (315ml 6 Cans) x 4 315mlx4
Asahi - Asahi [Full Case] Lipolysis Green Tea 2L x 6 4514603308105 expiry 2027/01,ASAHI,2,6,l,lipolysis green tea,ASAHI Asahi - Asahi [Full Case] Lipolysis Green Tea 2L x 6 4514603308105 expiry 2027/01 2lx6
Vita - Vita - Full Case Low Sugar Chrysanthemum Tea (250ml x 6) x 4,VITA,250,6,ml,low sugar chrysanthemum tea  x,VITA Vita - Vita - Full Case Low Sugar Chrysanthemum Tea (250ml x 6) x 4 250mlx6
Lipton - Taiwan Lipton Original Milk Tea 300ml x 6 packs,LIPTON,300,6,ml,taiwan  original milk tea  packs,LIPTON Lipton - Taiwan Lipton Original Milk Tea 300ml x 6 packs 300mlx6
"Binggrae - 【Full Case 24 Bags】Korean Strawberry Milk 200ml (Fresh Skim Milk, Korea's No.1 National Brand)",BINGGRAE,200,24,ml,bagskorean strawberry milk  fresh skim milk koreas no national brand,"BINGGRAE Binggrae - 【Full Case 24 Bags】Korean Strawberry Milk 200ml (Fresh Skim Milk, Korea's No.1 National Brand) 200mlx24"
Vittel - Vittel Natural Mineral Water Original Case (330ml x 24) | Balanced Minerals | Parallel Import,VITTEL,330,24,ml,natural mineral water original   x   balanced minerals,VITTEL Vittel - Vittel Natural Mineral Water Original Case (330ml x 24) | Balanced Minerals | Parallel Import 330mlx24
Remedy Drinks - Sodaly Blood Orange 4 X 250ml,REMEDY DRINKS,250,4,ml,sodaly blood orange  x,REMEDY DRINKS Remedy Drinks - Sodaly Blood Orange 4 X 250ml 250mlx4
Teisseire - Blackcurrant zero sugar syrup｜No.1 in France｜Made in France,TEISSEIRE,600,1,ml,blackcurrant zero sugar syrupno in francemade in france,TEISSEIRE Teisseire - Blackcurrant zero sugar syrup｜No.1 in France｜Made in France 600mlx1
KIRIN - Afternoon Tea Lemon Tea 1.5L x 2 bottles 4909411086312 expiry 2026/08,KIRIN,5,2,l,afternoon tea lemon tea  s,KIRIN KIRIN - Afternoon Tea Lemon Tea 1.5L x 2 bottles 4909411086312 expiry 2026/08 5lx2
watsons - 原箱  屈臣氏無招紙蒸餾水 原箱 (24x500ml) #FPP 40600 WATSONS Sleeveless Distilled Water#新舊包裝隨機發貨,WATSONS,500,24,ml,sleeveless distilled water,WATSONS watsons - 原箱  屈臣氏無招紙蒸餾水 原箱 (24x500ml) #FPP 40600 WATSONS Sleeveless Distilled Water#新舊包裝隨機發貨 500mlx24
Tao Ti - Tao Ti Honey Green Tea - Full Case (250ml x 6) x 4,TAO TI,250,6,ml,honey green tea     x,TAO TI Tao Ti - Tao Ti Honey Green Tea - Full Case (250ml x 6) x 4 250mlx6
"Mindful Sparks - 【Gift Box Set】NOBLE TRUTH - Cranberry Rose Sparkling Tea 750ml (Caffeine- free, Alcohol-free, Rosé )",MINDFUL SPARKS,750,1,ml,gift box setnoble truth  cranberry rose sparkling tea  caffeine free alcoholfree ros,"MINDFUL SPARKS Mindful Sparks - 【Gift Box Set】NOBLE TRUTH - Cranberry Rose Sparkling Tea 750ml (Caffeine- free, Alcohol-free, Rosé ) 750mlx1"
Boring - 【2Pcs】Barista Grade Oat MIlk (1L)【Best Before：03/2027】New Zealand oats and no added sugar,BORING,1,2,l,pcsbarista grade oat milk lbest beforenew zealand oats and no added sugar,BORING Boring - 【2Pcs】Barista Grade Oat MIlk (1L)【Best Before：03/2027】New Zealand oats and no added sugar 1lx2
HealthWorks - 原箱  健康工房山楂蘋果飲料 原箱 (24x 250ml) #720996  HealthWorks Hawthorn Apple Juice Drink,HEALTHWORKS,250,24,ml,hawthorn apple juice drink,HEALTHWORKS HealthWorks - 原箱  健康工房山楂蘋果飲料 原箱 (24x 250ml) #720996  HealthWorks Hawthorn Apple Juice Drink 250mlx24
Gevity - 200g- Natural Grass Fed Beef Bone Broth Body Glue (GO PACK POUCH) Best before Nov 2026,GEVITY,200,1,g,natural grass fed beef bone broth body glue go pack pouch best before nov,GEVITY Gevity - 200g- Natural Grass Fed Beef Bone Broth Body Glue (GO PACK POUCH) Best before Nov 2026 200gx1
Waterloo - Raspberry Nectarine Sparkling Water | 6 cans | Best Before  15 Jan 2027,WATERLOO,355,6,ml,raspberry nectarine sparkling water   cans  best before   jan,WATERLOO Waterloo - Raspberry Nectarine Sparkling Water | 6 cans | Best Before  15 Jan 2027 355mlx6
椰樹牌 - Coconut brand [6 cans] Coconut Palm Coconut Juice Drink (canned) -6x245ml parallel imported,COCONUT PALM,245,6,ml,coconut brand  cans  coconut juice drink canned xml  ed,COCONUT PALM 椰樹牌 - Coconut brand [6 cans] Coconut Palm Coconut Juice Drink (canned) -6x245ml parallel imported 245mlx6
iF - if - Full case Aromatic Namhom Coconut Water (350ml) X 24,IF,350,24,ml,aromatic namhom coconut water  x,IF iF - if - Full case Aromatic Namhom Coconut Water (350ml) X 24 350mlx24
"BREMNER'S - 原箱 加拿大BREMNER'S 100%純石榴汁 原箱(12x100ml) #01235 100% Pure Pomegranate Juice  (抗氧化, 無添加, 不含防腐劑)#新舊包裝隨機發貨",BREMNER'S,100,12,ml,pure pomegranate juice,"BREMNER'S BREMNER'S - 原箱 加拿大BREMNER'S 100%純石榴汁 原箱(12x100ml) #01235 100% Pure Pomegranate Juice  (抗氧化, 無添加, 不含防腐劑)#新舊包裝隨機發貨 100mlx12"
evian - Evian Natural Mineral Water from France - 6x1.5 liters parallel imported Random Packaging,EVIAN,5,6,l,natural mineral water from france  iters  ed,EVIAN evian - Evian Natural Mineral Water from France - 6x1.5 liters parallel imported Random Packaging 5lx6
KIRIN - Kirin [Japan Green Tea]-Zero Caffeine Nama-Cha Green Tea – 6 Bottles x 430ml / Parallel Import,KIRIN,430,6,ml,japan green teazero caffeine namacha green tea   s x,KIRIN KIRIN - Kirin [Japan Green Tea]-Zero Caffeine Nama-Cha Green Tea – 6 Bottles x 430ml / Parallel Import 430mlx6
Sarsae - 原箱 沙示汽水飲品 原箱(罐裝- 24x330ml ) #33392157 Sparkling Sarsae Drink 屈臣氏,SARSAE,330,24,ml,sparkling  drink,SARSAE Sarsae - 原箱 沙示汽水飲品 原箱(罐裝- 24x330ml ) #33392157 Sparkling Sarsae Drink 屈臣氏 330mlx24
watsons - Distilled Water 430ml【Best Before: 12/2027】,WATSONS,430,1,ml,distilled water best before,WATSONS watsons - Distilled Water 430ml【Best Before: 12/2027】 430mlx1
可口可樂 - Coca-Cola Zero Sugar  [HK Version] 330ml x 6 Cans Carbonated Drink Random Packing,COCA COLA,330,6,ml,cocacola zero sugar  hk version  x  cans carbonated drink,COCA COLA 可口可樂 - Coca-Cola Zero Sugar  [HK Version] 330ml x 6 Cans Carbonated Drink Random Packing 330mlx6
evian - [Dealer's Goods of HK] [Full Case] 玻璃樽裝 France Evian Natural Mineral Water (750ml X 12) (冇氣),EVIAN,750,12,ml,dealers goods of hk    france  natural mineral water,EVIAN evian - [Dealer's Goods of HK] [Full Case] 玻璃樽裝 France Evian Natural Mineral Water (750ml X 12) (冇氣) 750mlx12
SINGHA - Shengshi [3 Glass Bottles] Comb Water -3 x 325 ml (new and old packaging randomly sent) Parallel imp,SINGHA,325,3,ml,shengshi  glass s comb water  x   new and old  ly sent  imp,SINGHA SINGHA - Shengshi [3 Glass Bottles] Comb Water -3 x 325 ml (new and old packaging randomly sent) Parallel imp 325mlx3
Yumthé - Floral Harmony & Rooibos - Chinese Herbal Tea,YUMTHE,2,15,g,yumth  floral harmony  rooibos  chinese herbal tea,YUMTHE Yumthé - Floral Harmony & Rooibos - Chinese Herbal Tea 2gx15
watsons - Distilled Water 800ml【Best Before: 01/2028】,WATSONS,800,1,ml,distilled water best before,WATSONS watsons - Distilled Water 800ml【Best Before: 01/2028】 800mlx1
San Pellegrino - San Pellegrino - Italian Lemon Flavored Juice with Soda (Canned) - Original Box 24x330 ml with Gas,SAN PELLEGRINO,330,24,ml,italian lemon flavored juice with soda canned  original box  with gas,SAN PELLEGRINO San Pellegrino - San Pellegrino - Italian Lemon Flavored Juice with Soda (Canned) - Original Box 24x330 ml with Gas 330mlx24
Fever Tree - Fever Tree Tonic Water TONIC WATER (Lightly) (Bottled) 24x200ml (Parallel Import),FEVER TREE,200,24,ml,tonic water tonic water lightly d xml,FEVER TREE Fever Tree - Fever Tree Tonic Water TONIC WATER (Lightly) (Bottled) 24x200ml (Parallel Import) 200mlx24
"OATLY! - 原箱 行貨OATLY!開心果味燕麥飲品 原箱 (6x1L) #62213  OATLY! OAT DRINK PISTACHIO #BEST BEFORE13,OCT,2026",OATLY!,1,6,l,oat drink pistachio  beforeoct,"OATLY! OATLY! - 原箱 行貨OATLY!開心果味燕麥飲品 原箱 (6x1L) #62213  OATLY! OAT DRINK PISTACHIO #BEST BEFORE13,OCT,2026 1lx6"
SUPER LIT - Fullcase -  Instant Bulletproof Coffee 10boxes - Slimming Meal Replacement/Keto diet,SUPER LIT,15,10,g,instant bulletproof coffee boxes  slimming meal replacementketo diet,SUPER LIT SUPER LIT - Fullcase -  Instant Bulletproof Coffee 10boxes - Slimming Meal Replacement/Keto diet 15gx10
ITO EN - Japan ITO EN Tully's Barista's Sugarless Café Latte Bottled - Full Case 370ml/ Parallel Import,ITO EN,370,24,ml,japan  tullys baristas sugarless caf latte d,ITO EN ITO EN - Japan ITO EN Tully's Barista's Sugarless Café Latte Bottled - Full Case 370ml/ Parallel Import 370mlx24
"MAMA'S WORKSHOP - Chuanbei, Chenpi and rock sugar stewed lemon (310mL per bottle)",MAMA'S WORKSHOP,310,1,ml,chuanbei chenpi and rock sugar stewed lemon  per,"MAMA'S WORKSHOP MAMA'S WORKSHOP - Chuanbei, Chenpi and rock sugar stewed lemon (310mL per bottle) 310mlx1"
椰樹牌 - 椰樹牌 Coconut Palm Coconut Juice Drink Canned - Full Case 24x 245ml,COCONUT PALM,245,24,ml,coconut juice drink canned,COCONUT PALM 椰樹牌 - 椰樹牌 Coconut Palm Coconut Juice Drink Canned - Full Case 24x 245ml 245mlx24
CHI FOREST - Chi Forest - Free Water [Red Date Goji Berry Water] Original Box 15x500ml,CHI FOREST,500,15,ml,free water red date goji berry water original box xml,CHI FOREST CHI FOREST - Chi Forest - Free Water [Red Date Goji Berry Water] Original Box 15x500ml 500mlx15
NESTEA - Nestea Ice Rush Lemon Tea - full case  (250ml X 6 ) x 4,NESTEA,250,6,ml,ice rush lemon tea      x   x,NESTEA NESTEA - Nestea Ice Rush Lemon Tea - full case  (250ml X 6 ) x 4 250mlx6
Asahi - Healthy Style Non-Alcoholic Beer 350ml x3 (#067023),ASAHI,350,3,ml,healthy style nonalcoholic beer,ASAHI Asahi - Healthy Style Non-Alcoholic Beer 350ml x3 (#067023) 350mlx3
Nongfu Spring - Nongfu Spring Changbai Mountain Natural  Mineral Water (Sports Cap) (Original Box) 24 x 535ml,NONGFU SPRING,535,24,ml,changbai mountain natural  mineral water sports cap original box  x,NONGFU SPRING Nongfu Spring - Nongfu Spring Changbai Mountain Natural  Mineral Water (Sports Cap) (Original Box) 24 x 535ml 535mlx24
Sarsae - Soft Drink (330ml x 8),SARSAE,330,8,ml,soft drink,SARSAE Sarsae - Soft Drink (330ml x 8) 330mlx8
Perrier - Perrier Lemon Flavored Natural Aerated Mineral Water (Can) - Original Case 10x 250 ML Parallel Impor,PERRIER,250,10,ml,lemon flavored natural aerated mineral water can  original  x    impor,PERRIER Perrier - Perrier Lemon Flavored Natural Aerated Mineral Water (Can) - Original Case 10x 250 ML Parallel Impor 250mlx10
Nestlé - PURE LIFE AIR MINERAL Water - Full case 600ml x 24 (Parallel Imported Products),NESTLE,600,24,ml,nestl  pure life air mineral water      ed products,NESTLE Nestlé - PURE LIFE AIR MINERAL Water - Full case 600ml x 24 (Parallel Imported Products) 600mlx24
Vitasoy - Vitasoy - Full Case Calci-Plus Hi-Calcium Original Soya Milk (250ml x 6) x 4,VITASOY,250,6,ml,calciplus hicalcium original soya milk  x,VITASOY Vitasoy - Vitasoy - Full Case Calci-Plus Hi-Calcium Original Soya Milk (250ml x 6) x 4 250mlx6
Asahi - 原箱 日本版ASAHI朝日Wonda微甜咖啡 原箱 30x185ml #3360912 Mild Sweet Coffee #新舊包裝隨機發貨#Random for old/new packaging,ASAHI,185,30,ml,wonda    mild sweet coffee  for oldnew,ASAHI Asahi - 原箱 日本版ASAHI朝日Wonda微甜咖啡 原箱 30x185ml #3360912 Mild Sweet Coffee #新舊包裝隨機發貨#Random for old/new packaging 185mlx30
Oronamin C - Olemi C - Sports Energy Drink [Original Box] 24x120ml - Parallel Import,ORONAMIN C,120,24,ml,olemi c  sports energy drink original box,ORONAMIN C Oronamin C - Olemi C - Sports Energy Drink [Original Box] 24x120ml - Parallel Import 120mlx24
ITO EN - Fat-reducing thick matcha green tea powder Either hot or cold 80g Parallel import,ITO EN,80,1,g,fatreducing thick matcha green tea powder either hot or cold,ITO EN ITO EN - Fat-reducing thick matcha green tea powder Either hot or cold 80g Parallel import 80gx1
SINGHA - Shengshi [8 Glass Bottles] Comb Water -8 x 325 ml (new and old packaging randomly sent),SINGHA,325,8,ml,shengshi  glass s comb water  x   new and old  ly sent,SINGHA SINGHA - Shengshi [8 Glass Bottles] Comb Water -8 x 325 ml (new and old packaging randomly sent) 325mlx8
Shirakami - Shirakami Mountain Mineral Water 500ml Bottle x24 (1 Box),SHIRAKAMI,500,24,ml,mountain mineral water   x  box,SHIRAKAMI Shirakami - Shirakami Mountain Mineral Water 500ml Bottle x24 (1 Box) 500mlx24
Vita - Vita - Full Case Cold Brew No Sugar Tie Guan Yin Tea (860ml ) x 12,VITA,860,12,ml,cold brew no sugar tie guan yin tea   x,VITA Vita - Vita - Full Case Cold Brew No Sugar Tie Guan Yin Tea (860ml ) x 12 860mlx12
Suntory - Natural Mineral Water Orange & Mango Mixed Juice Drink Bottled – 6 Bottles  x 600ml-Parallel Import,SUNTORY,600,6,ml,natural mineral water orange  mango mixed juice drink d   s  x,SUNTORY Suntory - Natural Mineral Water Orange & Mango Mixed Juice Drink Bottled – 6 Bottles  x 600ml-Parallel Import 600mlx6
7up - 原箱 輕怡7up七喜汽水香橙檸檬味 原箱 (24x330ml) #13212020 7up Free Lemon & Clementine Flavour Soft Drink,7UP,330,24,ml,free lemon  clementine flavour soft drink,7UP 7up - 原箱 輕怡7up七喜汽水香橙檸檬味 原箱 (24x330ml) #13212020 7up Free Lemon & Clementine Flavour Soft Drink 330mlx24
Chang - Thai Elephant Chang Soda Water 0 Fat 0 calories Refreshing (6 bottles)-Parallel Imported,CHANG,325,6,ml,thai elephant  soda water  fat  calories refreshing  s ed,CHANG Chang - Thai Elephant Chang Soda Water 0 Fat 0 calories Refreshing (6 bottles)-Parallel Imported 325mlx6
Nongfu Spring - Nongfu Spring [New Product] Natural mineral water (sports cap)  Full Case 24 x 535ml Random Packing,NONGFU SPRING,535,24,ml,new product natural mineral water sports cap     x,NONGFU SPRING Nongfu Spring - Nongfu Spring [New Product] Natural mineral water (sports cap)  Full Case 24 x 535ml Random Packing 535mlx24
HOKKAIDO KUROMATSUNAI - 【Full Case】SUISAINO MORI Water 2L(6Packs) (Packaging May Vary)(EXP:2028.03.30),HOKKAIDO KUROMATSUNAI,2,6,l,suisaino mori water lpacks  may varyexp,HOKKAIDO KUROMATSUNAI HOKKAIDO KUROMATSUNAI - 【Full Case】SUISAINO MORI Water 2L(6Packs) (Packaging May Vary)(EXP:2028.03.30) 2lx6
Authentic Tea House - Authentic Tea House - Yunmo Japanese Green Tea (No Sugar) Hong Kong Official Version -24x500ml,AUTHENTIC TEA HOUSE,500,24,ml,yunmo japanese green tea no sugar hong kong official version,AUTHENTIC TEA HOUSE Authentic Tea House - Authentic Tea House - Yunmo Japanese Green Tea (No Sugar) Hong Kong Official Version -24x500ml 500mlx24
Vitasoy - Vitasoy - Full Case Calci Plus Hi-calcium Oat Soya Drink (250ml x 6) x 4,VITASOY,250,6,ml,calci plus hicalcium oat soya drink  x,VITASOY Vitasoy - Vitasoy - Full Case Calci Plus Hi-calcium Oat Soya Drink (250ml x 6) x 4 250mlx6
Chang - Chang Soda Water [Glass bottle] (12 bottles) 12x325mL# Soda water # Thai soda water # soda water,CHANG,325,12,ml,soda water glass   s  soda water  thai soda water  soda water,CHANG Chang - Chang Soda Water [Glass bottle] (12 bottles) 12x325mL# Soda water # Thai soda water # soda water 325mlx12
"HUNG FOOK TONG - [Full case] Low sugar ""candied dates"" Prunella vulgaris (500mlx24) [原箱]""蜜棗""夏枯草BBF:13-12-26",HUNG FOOK TONG,500,24,ml,low sugar candied dates prunella vulgaris mlx bbf,"HUNG FOOK TONG HUNG FOOK TONG - [Full case] Low sugar ""candied dates"" Prunella vulgaris (500mlx24) [原箱]""蜜棗""夏枯草BBF:13-12-26 500mlx24"
"BREMNER'S - 100% Pure Cranberry Juice 100ml (2Bags)(No Additives, No Preservatives)",BREMNER'S,100,2,ml,pure cranberry juice  bagsno additives no preservatives,"BREMNER'S BREMNER'S - 100% Pure Cranberry Juice 100ml (2Bags)(No Additives, No Preservatives) 100mlx2"
星巴克 - Chocolate Hazelnut by Nespresso®  [Applicable to Nespresso Coffee Machine][D53]EXP:21.11.2026,STARBUCKS,10,1,servings,chocolate hazelnut by nespresso  applicable to nespresso coffee machinedexp,STARBUCKS 星巴克 - Chocolate Hazelnut by Nespresso®  [Applicable to Nespresso Coffee Machine][D53]EXP:21.11.2026 10servingsx1
watsons - 原箱 屈臣氏蒸餾水 原箱 12x1250ml (1.25公升) #FPP40660  Watsons Pure Distilled Water #臣之水,WATSONS,1250,12,ml,pure distilled water,WATSONS watsons - 原箱 屈臣氏蒸餾水 原箱 12x1250ml (1.25公升) #FPP40660  Watsons Pure Distilled Water #臣之水 1250mlx12
ACQUA PANNA - Acqua Panna Italian Natural Spring Water 12x250ml Glass Bottles | Old/New Pack Random,ACQUA PANNA,250,12,ml,italian natural spring water xml glass s  oldnew pack,ACQUA PANNA ACQUA PANNA - Acqua Panna Italian Natural Spring Water 12x250ml Glass Bottles | Old/New Pack Random 250mlx12
星巴克 - [N6843] Breakfast Blend by Nespresso® [Applicable to Nespresso® Coffee Machine] [C30] [Random pkg],STARBUCKS,10,1,servings,n breakfast blend by nespresso applicable to nespresso coffee machine c  pkg,STARBUCKS 星巴克 - [N6843] Breakfast Blend by Nespresso® [Applicable to Nespresso® Coffee Machine] [C30] [Random pkg] 10servingsx1
Asahi - PLUS Calpis Amir W Yogurt drink 100ml x 30 (Full Case),ASAHI,100,30,ml,plus calpis amir w yogurt drink,ASAHI Asahi - PLUS Calpis Amir W Yogurt drink 100ml x 30 (Full Case) 100mlx30
CHI FOREST - Chi Forest Vitamin C Orange Sparkling Water 480ml×15 Bottles | 0 Sugar 0 Fat 0 Calorie,CHI FOREST,480,15,ml,vitamin c orange sparkling water  s   sugar  fat  calorie,CHI FOREST CHI FOREST - Chi Forest Vitamin C Orange Sparkling Water 480ml×15 Bottles | 0 Sugar 0 Fat 0 Calorie 480mlx15
"BREMNER'S - 原箱 加拿大BREMNER'S 100%純蔓越莓汁 原箱(12x100ml) #4001228 100% Pure Cranberry Juice(抗衰老, 增强免疫系统) #新舊包裝隨機發貨",BREMNER'S,100,12,ml,pure cranberry juice,"BREMNER'S BREMNER'S - 原箱 加拿大BREMNER'S 100%純蔓越莓汁 原箱(12x100ml) #4001228 100% Pure Cranberry Juice(抗衰老, 增强免疫系统) #新舊包裝隨機發貨 100mlx12"
SANLIN - SANLIN 100% Thai Coconut Water 12x330ml#NoAdd#NotFromConcentrate ReadyToDrink ParallelImport,SANLIN,330,12,ml,thai coconut water  readytodrink,SANLIN SANLIN - SANLIN 100% Thai Coconut Water 12x330ml#NoAdd#NotFromConcentrate ReadyToDrink ParallelImport 330mlx12
Whittard - Parallel Import Whittard Hot Chocolate Powder 350g Can (BB Aug 2027),WHITTARD,350,1,g,hot chocolate powder  can bb aug,WHITTARD Whittard - Parallel Import Whittard Hot Chocolate Powder 350g Can (BB Aug 2027) 350gx1
You C1000 - You C1000 Vitamin Health Drink Lemon(Glass Bottle) - Full Case 30x140ml,YOU C1000,140,30,ml,vitamin health drink lemonglass,YOU C1000 You C1000 - You C1000 Vitamin Health Drink Lemon(Glass Bottle) - Full Case 30x140ml 140mlx30
evian - [Dealer's Goods of HK] [Full Case]  膠樽裝 France Evian Natural Mineral Water (1L X 12),EVIAN,1,12,l,dealers goods of hk     france  natural mineral water,EVIAN evian - [Dealer's Goods of HK] [Full Case]  膠樽裝 France Evian Natural Mineral Water (1L X 12) 1lx12
Asahi - Asahi [Full Case] Lipolysis Olong Tea 2L x 6 4514603307818 expiry 2026/10,ASAHI,2,6,l,lipolysis olong tea,ASAHI Asahi - Asahi [Full Case] Lipolysis Olong Tea 2L x 6 4514603307818 expiry 2026/10 2lx6
奈雪的茶 - Naixue's Tea Dark Plum Lemon Tea (Low Sugar) (Paper Packaging) 4x(6x250ml)-Parallel Import,NAIXUE'S TEA,250,24,ml,dark plum lemon tea low sugar paper  xxml,NAIXUE'S TEA 奈雪的茶 - Naixue's Tea Dark Plum Lemon Tea (Low Sugar) (Paper Packaging) 4x(6x250ml)-Parallel Import 250mlx24
Nongfu Spring - Oriental Leaf Sugar Free Jasmine Tea (Bottled) 6x500ml (Parallel Imported),NONGFU SPRING,500,6,ml,oriental leaf sugar free jasmine tea d   ed,NONGFU SPRING Nongfu Spring - Oriental Leaf Sugar Free Jasmine Tea (Bottled) 6x500ml (Parallel Imported) 500mlx6
Bonaqua - Mineralized Water (100% Recycled Plastic Bottle) 1.5L PET 12P,BONAQUA,5,12,ltr,mineralized water  recycled plastic  l pet p,BONAQUA Bonaqua - Mineralized Water (100% Recycled Plastic Bottle) 1.5L PET 12P 5ltrx12
CHI FOREST - Chi Forest Grape Delight Flavour Sparkling Water- 480ml,CHI FOREST,480,1,ml,grape delight flavour sparkling water,CHI FOREST CHI FOREST - Chi Forest Grape Delight Flavour Sparkling Water- 480ml 480mlx1
Tao Ti - Authentic premium - Full Case chrysanthemum oolong tea (250ml x 6) x 4,TAO TI,250,6,ml,authentic premium    chrysanthemum oolong tea  x,TAO TI Tao Ti - Authentic premium - Full Case chrysanthemum oolong tea (250ml x 6) x 4 250mlx6
VICTORY - Victory Natural Water Pure Forest Bottled - Full Case 2L,VICTORY,2,6,l,natural water pure forest d,VICTORY VICTORY - Victory Natural Water Pure Forest Bottled - Full Case 2L 2lx6
VPLUS Lifestyle Shop - #28 Italian Cheese Grapefruit Chocolate Espresso Beans #Golden Bean Award Coffee Beans BBD:13 MAY 27,VPLUS LIFESTYLE SHOP,120,1,g,italian cheese grapefruit chocolate espresso beans  bean award coffee beans bbd may,VPLUS LIFESTYLE SHOP VPLUS Lifestyle Shop - #28 Italian Cheese Grapefruit Chocolate Espresso Beans #Golden Bean Award Coffee Beans BBD:13 MAY 27 120gx1
BLUE DIAMOND - Almond Breeze Unsweetened Barista Blend 946ml x 3 #Vegan #almondmilk,BLUE DIAMOND,946,3,ml,almond breeze unsweetened barista blend,BLUE DIAMOND BLUE DIAMOND - Almond Breeze Unsweetened Barista Blend 946ml x 3 #Vegan #almondmilk 946mlx3
SANLIN - Sanlin 100% Thailand Coconut Water SANLIN Coconut Water -   1 liter-Parallel imports,SANLIN,1000,1,ml,thailand coconut water  coconut water     liter s,SANLIN SANLIN - Sanlin 100% Thailand Coconut Water SANLIN Coconut Water -   1 liter-Parallel imports 1000mlx1
Tao Ti - Tao Ti Supreme Osmanthus Green Tea - Full Case (250ml x 6) x 4,TAO TI,250,6,ml,supreme osmanthus green tea     x,TAO TI Tao Ti - Tao Ti Supreme Osmanthus Green Tea - Full Case (250ml x 6) x 4 250mlx6
Sanitarium - So Good Regular Soy Milk  at least 3month shelf life,SANITARIUM,1,1,l,so good regular soy milk  at least month shelf life,SANITARIUM Sanitarium - So Good Regular Soy Milk  at least 3month shelf life 1lx1
CHI FOREST - Chi Forest Grape Delight Flavour Sparkling Water [15 Bottles in Original Box] - (15x480ml),CHI FOREST,480,15,ml,grape delight flavour sparkling water  s in original box,CHI FOREST CHI FOREST - Chi Forest Grape Delight Flavour Sparkling Water [15 Bottles in Original Box] - (15x480ml) 480mlx15
"HUNG FOOK TONG - [6 bottles] Low sugar ""candied dates"" Prunella vulgaris(500ml x 6) 6樽 蜜棗""夏枯草BBF:13-12-26",HUNG FOOK TONG,500,6,ml,s low sugar candied dates prunella vulgaris  bbf,"HUNG FOOK TONG HUNG FOOK TONG - [6 bottles] Low sugar ""candied dates"" Prunella vulgaris(500ml x 6) 6樽 蜜棗""夏枯草BBF:13-12-26 500mlx6"
Vita - [Full case]  Distilled Water (700ml X 24),VITA,700,24,ml,distilled water,VITA Vita - [Full case]  Distilled Water (700ml X 24) 700mlx24
Vitamont - Organic Pure Cranberry Juice (500 ML) | Best Before Date:16/05/2027 (D/M/Y),VITAMONT,500,1,ml,organic pure cranberry juice    best before date dmy,VITAMONT Vitamont - Organic Pure Cranberry Juice (500 ML) | Best Before Date:16/05/2027 (D/M/Y) 500mlx1
Suntory - Natural Mineral Water Orange & Mango Mixed Juice Drink Bottled – Full Case 600ml-[Parallel Import],SUNTORY,600,24,ml,natural mineral water orange  mango mixed juice drink d,SUNTORY Suntory - Natural Mineral Water Orange & Mango Mixed Juice Drink Bottled – Full Case 600ml-[Parallel Import] 600mlx24
Vita - Vita - Full Case Tsing Sum Zhan Honey Lime Healthy Drink (250ml x 6) x 4,VITA,250,6,ml,tsing sum zhan honey lime healthy drink  x,VITA Vita - Vita - Full Case Tsing Sum Zhan Honey Lime Healthy Drink (250ml x 6) x 4 250mlx6
BLUE DIAMOND - Blue Diamond Almond Breeze Unsweetened (Original) - Full Case 946ml,BLUE DIAMOND,946,12,ml,almond breeze unsweetened original,BLUE DIAMOND BLUE DIAMOND - Blue Diamond Almond Breeze Unsweetened (Original) - Full Case 946ml 946mlx12
Authentic Tea House - Full case - Cold Brew Japanese Deep-Steamed Green Tea - Full Case 500ml,AUTHENTIC TEA HOUSE,500,24,ml,cold brew japanese deepsteamed green tea,AUTHENTIC TEA HOUSE Authentic Tea House - Full case - Cold Brew Japanese Deep-Steamed Green Tea - Full Case 500ml 500mlx24
Robiff - Robiff Oolong Tea_Full Case (500ml) x 24,ROBIFF,500,24,ml,oolong tea_   x,ROBIFF Robiff - Robiff Oolong Tea_Full Case (500ml) x 24 500mlx24
Lotte - [Full case] korea Trevi Sparkling Water (Lime Flavoured) (500ml X 20),LOTTE,500,20,ml,korea trevi sparkling water lime flavoured,LOTTE Lotte - [Full case] korea Trevi Sparkling Water (Lime Flavoured) (500ml X 20) 500mlx20
Binggrae - Korean Strawberry Milk Light 6pcs,BINGGRAE,200,6,ml,korean strawberry milk light pcs,BINGGRAE Binggrae - Korean Strawberry Milk Light 6pcs 200mlx6
Vitasoy - Vitasoy -Full Case VitaOat Oat Milk (250ml x 6) x 4,VITASOY,250,6,ml,vitaoat oat milk  x,VITASOY Vitasoy - Vitasoy -Full Case VitaOat Oat Milk (250ml x 6) x 4 250mlx6
Volvic - [Dealer's Goods of HK] [Full Case]  膠樽裝 France Volvic富維克 Natural Mineral Water (1.5L X 12),VOLVIC,5,12,l,dealers goods of hk     france  natural mineral water,VOLVIC Volvic - [Dealer's Goods of HK] [Full Case]  膠樽裝 France Volvic富維克 Natural Mineral Water (1.5L X 12) 5lx12
AVALANCHE - (BBD:30/08/2027) 99% SF Flat White Instant Coffee Mix 14g x 10 (2723),AVALANCHE,14,10,g,bbd  sf flat white instant coffee mix,AVALANCHE AVALANCHE - (BBD:30/08/2027) 99% SF Flat White Instant Coffee Mix 14g x 10 (2723) 14gx10
TAYLOR - 4 bottles x Taylor Deep Water - Green Plum (180ml),TAYLOR,180,4,ml,s x  deep water  green plum,TAYLOR TAYLOR - 4 bottles x Taylor Deep Water - Green Plum (180ml) 180mlx4
Vitasoy - Vitasoy - No Added Sugar Soya Bean Milk (250ml x 6 ) x 4,VITASOY,250,6,ml,no added sugar soya bean milk   x,VITASOY Vitasoy - Vitasoy - No Added Sugar Soya Bean Milk (250ml x 6 ) x 4 250mlx6
Tao Ti - Tao Ti - Supreme Meta Tea - Full box (No Sugar) (250ml x 6) x 4,TAO TI,250,6,ml,supreme meta tea   box no sugar  x,TAO TI Tao Ti - Tao Ti - Supreme Meta Tea - Full box (No Sugar) (250ml x 6) x 4 250mlx6
Vitasoy - Vitasoy - Full Case Malted Soybean Milk Bottle (480ml ) x 24,VITASOY,480,24,ml,malted soybean milk    x,VITASOY Vitasoy - Vitasoy - Full Case Malted Soybean Milk Bottle (480ml ) x 24 480mlx24
Rabenhorst - RB009 - 4004192004255 Organic Beetroot Multifruit Juice 750mL No Sugar Added- Imported from Germany,RABENHORST,750,1,ml,rb   organic beetroot multifruit juice  no sugar added ed from germany,RABENHORST Rabenhorst - RB009 - 4004192004255 Organic Beetroot Multifruit Juice 750mL No Sugar Added- Imported from Germany 750mlx1
"Schweppes - Yuquan Schweppes Soda Water - 320ml x 6 cans(tall cans)｜No Sugar, No Calories｜Bubbly Level Imported",SCHWEPPES,320,6,ml,yuquan  soda water   x  canstall cansno sugar no caloriesbubbly level ed,"SCHWEPPES Schweppes - Yuquan Schweppes Soda Water - 320ml x 6 cans(tall cans)｜No Sugar, No Calories｜Bubbly Level Imported 320mlx6"
Vita - Vita - Full Case YSX Lemon Tea (250ml x 6 ) x 4,VITA,250,6,ml,ysx lemon tea   x,VITA Vita - Vita - Full Case YSX Lemon Tea (250ml x 6 ) x 4 250mlx6
San Pellegrino - San Pellegrino -意大利柠檬味果汁有汽水【6罐装】- 6x330毫升有气（新旧包装随机发送）,SAN PELLEGRINO,330,6,ml,x,SAN PELLEGRINO San Pellegrino - San Pellegrino -意大利柠檬味果汁有汽水【6罐装】- 6x330毫升有气（新旧包装随机发送） 330mlx6
AQUA Pacific - Aqua Pacific - Fiji Natural Deep Mineral Water [Original Box] 12x1.5L (Parallel Import),AQUA PACIFIC,5,12,l,fiji natural deep mineral water original box,AQUA PACIFIC AQUA Pacific - Aqua Pacific - Fiji Natural Deep Mineral Water [Original Box] 12x1.5L (Parallel Import) 5lx12
Remedy Drinks - Australian Organic KOMBUCHA-Ginger Lemon 250ml x 4   (BBD DEC 2026或之後 or onwards),REMEDY DRINKS,250,4,ml,australian organic kombuchaginger lemon  x    bbd dec  or onwards,REMEDY DRINKS Remedy Drinks - Australian Organic KOMBUCHA-Ginger Lemon 250ml x 4   (BBD DEC 2026或之後 or onwards) 250mlx4
FRECIOUS Fuji - 原箱 日本版世界文化遺產富士山之銘水 原箱 (24x500ml) #170587/#170485 MOUNTAIN FUJI NATURAL WATER #行貨#新舊包裝隨機發貨,FRECIOUS FUJI,500,24,ml,mountain fuji natural water,FRECIOUS FUJI FRECIOUS Fuji - 原箱 日本版世界文化遺產富士山之銘水 原箱 (24x500ml) #170587/#170485 MOUNTAIN FUJI NATURAL WATER #行貨#新舊包裝隨機發貨 500mlx24
Surf - [Japan Made]＊Tohobijin Tea Fragrant Olive 6 Bottles x 500ml - Osmanthus Oolong Tea,SURF,500,6,ml,japan madetohobijin tea fragrant olive  s x   osmanthus oolong tea,SURF Surf - [Japan Made]＊Tohobijin Tea Fragrant Olive 6 Bottles x 500ml - Osmanthus Oolong Tea 500mlx6
Daioni organic - 原箱 (藍色盒)MILK Daioni Organic 綠牛牛有機全脂牛奶 原箱(12 x 1000ml )  Milk Whole 3.5% Fat#新舊包裝隨機發貨,DAIONI ORGANIC,1000,12,ml,milk      milk whole  fat,DAIONI ORGANIC Daioni organic - 原箱 (藍色盒)MILK Daioni Organic 綠牛牛有機全脂牛奶 原箱(12 x 1000ml )  Milk Whole 3.5% Fat#新舊包裝隨機發貨 1000mlx12
"San Pellegrino - San Pellegrino [6 Bottles] Italian Natural Mineral Water with Gas - (Glass Bottles) 6x250 ml, import",SAN PELLEGRINO,250,6,ml,s italian natural mineral water with gas  glass s,"SAN PELLEGRINO San Pellegrino - San Pellegrino [6 Bottles] Italian Natural Mineral Water with Gas - (Glass Bottles) 6x250 ml, import 250mlx6"
San Pellegrino - San Pellegrino (Plastic Bottle) Mineral Sparkling Water Italy - Full Case 12x1L,SAN PELLEGRINO,1,12,l,plastic  mineral sparkling water italy,SAN PELLEGRINO San Pellegrino - San Pellegrino (Plastic Bottle) Mineral Sparkling Water Italy - Full Case 12x1L 1lx12
Fever Tree - Fever Tree Indian Tonic Water (Yellow Can) (Original Box) (150mlx8)x3-- Parallel ImportEXP:2026-10-3,FEVER TREE,150,24,ml,indian tonic water yellow can original box mlxx  exp,FEVER TREE Fever Tree - Fever Tree Indian Tonic Water (Yellow Can) (Original Box) (150mlx8)x3-- Parallel ImportEXP:2026-10-3 150mlx24
HUNG FOOK TONG - [6 bottles] 6 Lemon Juice With Honey Drink (Low sugar) (500ml x 6 bottles) 爆檸蜜  BBF:6-3-27,HUNG FOOK TONG,500,6,ml,s  lemon juice with honey drink low sugar  s   bbf,HUNG FOOK TONG HUNG FOOK TONG - [6 bottles] 6 Lemon Juice With Honey Drink (Low sugar) (500ml x 6 bottles) 爆檸蜜  BBF:6-3-27 500mlx6
AVALANCHE - (BBD:16/02/2027) Café Style Caramel Latte Instant Coffee Mix 16g x 10(2662),AVALANCHE,16,10,g,bbd caf style caramel latte instant coffee mix,AVALANCHE AVALANCHE - (BBD:16/02/2027) Café Style Caramel Latte Instant Coffee Mix 16g x 10(2662) 16gx10
NESTEA - Nestea Honey Pear Tea - full case  (250ml X 6 ) x 4,NESTEA,250,6,ml,honey pear tea      x   x,NESTEA NESTEA - Nestea Honey Pear Tea - full case  (250ml X 6 ) x 4 250mlx6
ITO EN - Health Mineral Barley Tea 2L x 6,ITO EN,2,6,l,health mineral barley tea,ITO EN ITO EN - Health Mineral Barley Tea 2L x 6 2lx6
東鵬 - Eastroc Vitamin Energy Drink 250ML * 24 Bottles per Case Hong Kong Version Original Box,EASTROC,250,24,ml,vitamin energy drink    s per  hong kong version original box,EASTROC 東鵬 - Eastroc Vitamin Energy Drink 250ML * 24 Bottles per Case Hong Kong Version Original Box 250mlx24
Authentic Tea House - Authentic Tea House - Dahongpao Oolong Tea (No Sugar) Hong Kong Official Version (500ml x 6),AUTHENTIC TEA HOUSE,500,6,ml,dahongpao oolong tea no sugar hong kong official version  x,AUTHENTIC TEA HOUSE Authentic Tea House - Authentic Tea House - Dahongpao Oolong Tea (No Sugar) Hong Kong Official Version (500ml x 6) 500mlx6
MORIYAMA - Japan Moriyama Cocoa Drink 1000g x 1 (BBD : 2027.01.27) #ChocolateMilk #CocoaMilk #1L,MORIYAMA,1000,1,g,japan  cocoa drink  bbd,MORIYAMA MORIYAMA - Japan Moriyama Cocoa Drink 1000g x 1 (BBD : 2027.01.27) #ChocolateMilk #CocoaMilk #1L 1000gx1
Sprite - Full case - Lemon and Lime Flavoured Soda (330ml X 8) X 3,SPRITE,330,3,ml,lemon and lime flavoured soda  x  x,SPRITE Sprite - Full case - Lemon and Lime Flavoured Soda (330ml X 8) X 3 330mlx3
Fever Tree - Fever Tree Indian Tonic Water (Yellow Can) 8 x 150 ml -- Parallel Import EXP:2026-10-30,FEVER TREE,150,8,ml,indian tonic water yellow can  x      exp,FEVER TREE Fever Tree - Fever Tree Indian Tonic Water (Yellow Can) 8 x 150 ml -- Parallel Import EXP:2026-10-30 150mlx8
ITO EN - Drink Black vinegar Functional Drink Health No addition to reduce fatigue 200ml X24P parallel import,ITO EN,200,24,ml,drink black vinegar functional drink health no addition to reduce fatigue  xp,ITO EN ITO EN - Drink Black vinegar Functional Drink Health No addition to reduce fatigue 200ml X24P parallel import 200mlx24
Asahi - Asahi [Full Case] Lipolysis Green Tea 2L x 6 BBD 2027/01,ASAHI,2,6,l,lipolysis green tea  bbd,ASAHI Asahi - Asahi [Full Case] Lipolysis Green Tea 2L x 6 BBD 2027/01 2lx6
evian - Natural Mineral Water (Dealer Goods of Hong Kong) Full Case (330ml) x 24,EVIAN,330,24,ml,natural mineral water dealer goods of hong kong    x,EVIAN evian - Natural Mineral Water (Dealer Goods of Hong Kong) Full Case (330ml) x 24 330mlx24
ITO EN - Health Mineral Black Beans Barley Tea 650ml x 24 (Full Case),ITO EN,650,24,ml,health mineral black beans barley tea,ITO EN ITO EN - Health Mineral Black Beans Barley Tea 650ml x 24 (Full Case) 650mlx24
QUEST NUTRITION - Chocolate Protein Shake 325MLX4 Best Before: 20/09/2026,QUEST NUTRITION,3,1,l,chocolate protein shake mlx best before,QUEST NUTRITION QUEST NUTRITION - Chocolate Protein Shake 325MLX4 Best Before: 20/09/2026 3lx1
Relax Eat - Monk fruit With Allulose Sweetener  ⭕Bestbefore 03/2027⭕,RELAX EAT,400,1,g,monk fruit with allulose sweetener  bestbefore,RELAX EAT Relax Eat - Monk fruit With Allulose Sweetener  ⭕Bestbefore 03/2027⭕ 400gx1
Nongfu Spring - Nongfu Spring - Natural Water - Full Case 4x4.5L,NONGFU SPRING,5,4,l,natural water,NONGFU SPRING Nongfu Spring - Nongfu Spring - Natural Water - Full Case 4x4.5L 5lx4
Waterloo - Strawberry Naturally Sparkling Water | 6 cans | Best Before 17 Jan 2027,WATERLOO,355,6,ml,strawberry naturally sparkling water   cans  best before  jan,WATERLOO Waterloo - Strawberry Naturally Sparkling Water | 6 cans | Best Before 17 Jan 2027 355mlx6
KIRIN - Fire Coffee Black coffee x 6,KIRIN,185,6,g,fire coffee black coffee x,KIRIN KIRIN - Fire Coffee Black coffee x 6 185gx6
Nestlé - 3 IN 1 ACTIV-GO MILO Malt Drink 27g x 8 [C30],NESTLE,27,8,g,nestl   in  activgo milo malt drink  c,NESTLE Nestlé - 3 IN 1 ACTIV-GO MILO Malt Drink 27g x 8 [C30] 27gx8
Vita - Vita - Full Case Low Sugar Lemon Tea (330ml ) x 24,VITA,330,24,ml,low sugar lemon tea   x,VITA Vita - Vita - Full Case Low Sugar Lemon Tea (330ml ) x 24 330mlx24
CHI FOREST - Chi Forest - [Vitamin C Orange Flavor] Soda Bubble Water Original Tank 15x480ml,CHI FOREST,480,15,ml,vitamin c orange flavor soda bubble water original tank xml,CHI FOREST CHI FOREST - Chi Forest - [Vitamin C Orange Flavor] Soda Bubble Water Original Tank 15x480ml 480mlx15
Nongfu Spring - Nongfu Spring  Oriental Leaf Tangerine Peel White Tea Full Case  - 500ml x 15 Bottles,NONGFU SPRING,500,15,ml,oriental leaf tangerine peel white tea      x  s,NONGFU SPRING Nongfu Spring - Nongfu Spring  Oriental Leaf Tangerine Peel White Tea Full Case  - 500ml x 15 Bottles 500mlx15
NESTEA - Nestea Ice Rush Lemon Tea - full case (480ml x 24P),NESTEA,480,1,ml,ice rush lemon tea     x p,NESTEA NESTEA - Nestea Ice Rush Lemon Tea - full case (480ml x 24P) 480mlx1
Red Bull - (Glass Bottle) Red Bull Energy Drink - 10 Bottles x 150ml,RED BULL,150,10,ml,glass   energy drink   s x,RED BULL Red Bull - (Glass Bottle) Red Bull Energy Drink - 10 Bottles x 150ml 150mlx10
San Pellegrino - (Glass Bottle) Mineral Sparkling Water Italy -Full Case 【505ml】x 24 (Random Packing),SAN PELLEGRINO,505,24,ml,glass  mineral sparkling water italy   mlx,SAN PELLEGRINO San Pellegrino - (Glass Bottle) Mineral Sparkling Water Italy -Full Case 【505ml】x 24 (Random Packing) 505mlx24
You C1000 - You C1000 Vitamin Health Drink Orange 6x140ml (Parallel Imported)Random Packing,YOU C1000,140,6,ml,vitamin health drink orange   ed,YOU C1000 You C1000 - You C1000 Vitamin Health Drink Orange 6x140ml (Parallel Imported)Random Packing 140mlx6
Fontana - [Full Case] Guava Juice - 1L x 12  Best Before: 08/10/2026,FONTANA,1,12,l,guava juice    best before,FONTANA Fontana - [Full Case] Guava Juice - 1L x 12  Best Before: 08/10/2026 1lx12
Volvic - Volvic Natural Mineral Water France - Full Case 12x1.5L (Random Packing),VOLVIC,5,12,l,natural mineral water france    xl,VOLVIC Volvic - Volvic Natural Mineral Water France - Full Case 12x1.5L (Random Packing) 5lx12
Pepsi - 百事 [日本直送] 超爽百事 [生] 檸檬可樂(樽裝)  Suntory 三得利 [平行進口] 6x600毫升,PEPSI,600,6,ml,suntory   x,PEPSI Pepsi - 百事 [日本直送] 超爽百事 [生] 檸檬可樂(樽裝)  Suntory 三得利 [平行進口] 6x600毫升 600mlx6
CHI FOREST - Chi Forest Vitamin C Lemon Sparkling Water 480ml×6 Bottles | 0 Sugar 0 Fat 0 Calorie,CHI FOREST,480,6,ml,vitamin c lemon sparkling water  s   sugar  fat  calorie,CHI FOREST CHI FOREST - Chi Forest Vitamin C Lemon Sparkling Water 480ml×6 Bottles | 0 Sugar 0 Fat 0 Calorie 480mlx6
Pepsi - Japan Pepsi Nama [生] Cola – 6 Cans x 340ml / Suntoryペプシ 生 Parallel Import,PEPSI,340,6,ml,japan  nama  cola   cans x   suntory,PEPSI Pepsi - Japan Pepsi Nama [生] Cola – 6 Cans x 340ml / Suntoryペプシ 生 Parallel Import 340mlx6
Asahi - Asahi [Japan Tea] - Lipolysis Puerh Tea & Oolong Tea Pet Bottle -6 Bottles x 600ml,ASAHI,600,6,ml,japan tea  lipolysis puerh tea  oolong tea pet   s x,ASAHI Asahi - Asahi [Japan Tea] - Lipolysis Puerh Tea & Oolong Tea Pet Bottle -6 Bottles x 600ml 600mlx6
Suntory - 三得利 Tokucha iemon Premium Green Tea 1000ml x 12 (Full Case)  賞味期限：2026年11月30日,SUNTORY,1000,12,ml,tokucha iemon premium green tea,SUNTORY Suntory - 三得利 Tokucha iemon Premium Green Tea 1000ml x 12 (Full Case)  賞味期限：2026年11月30日 1000mlx12
Suntory - Suntory Jasmine Oolong Tea (Sugar Free) 15x500ml Random Packaging,SUNTORY,500,15,ml,jasmine oolong tea sugar free,SUNTORY Suntory - Suntory Jasmine Oolong Tea (Sugar Free) 15x500ml Random Packaging 500mlx15
Nongfu Spring - Oriental Leaf - Unsweetened Jasmine Tea (Bottled) 6x335ml - Unsweetened Tea - (Parallel Import),NONGFU SPRING,335,6,ml,oriental leaf  unsweetened jasmine tea d   unsweetened tea,NONGFU SPRING Nongfu Spring - Oriental Leaf - Unsweetened Jasmine Tea (Bottled) 6x335ml - Unsweetened Tea - (Parallel Import) 335mlx6
Vita - Vita - Full Case Mango Juice (250ml x 6 ) x 4,VITA,250,6,ml,mango juice   x,VITA Vita - Vita - Full Case Mango Juice (250ml x 6 ) x 4 250mlx6
POCARI SWEAT - Baokuangli Water Special [8 Bottles] Electrolyte Supplement Drink -8x 500 ml Parallel Import,POCARI SWEAT,500,8,ml,baokuangli water special  s electrolyte supplement drink x,POCARI SWEAT POCARI SWEAT - Baokuangli Water Special [8 Bottles] Electrolyte Supplement Drink -8x 500 ml Parallel Import 500mlx8
可口可樂 - Japan Georgia Low Sugar Coffee – 6 Bottles x 370ml/ Coca Cola / Parallel Import,COCA COLA,370,6,ml,japan georgia low sugar coffee   s x,COCA COLA 可口可樂 - Japan Georgia Low Sugar Coffee – 6 Bottles x 370ml/ Coca Cola / Parallel Import 370mlx6
Wakasho - Jelly Peach flavor Chia seed Konjac  (10 packs) parallel import,WAKASHO,175,1,g,jelly peach flavor chia seed konjac   packs,WAKASHO Wakasho - Jelly Peach flavor Chia seed Konjac  (10 packs) parallel import 175gx1
NESTEA - 原箱 Lemon Tea 雀巢茶品檸檬茶 原箱  (紙包裝 -24 X 250ml) #08511990  Nestea Lemon Tea,NESTEA,250,24,ml,lemon tea         lemon tea,NESTEA NESTEA - 原箱 Lemon Tea 雀巢茶品檸檬茶 原箱  (紙包裝 -24 X 250ml) #08511990  Nestea Lemon Tea 250mlx24
"OATLY! - 原箱 行貨OATLY!細支裝咖啡師燕麥奶 原箱(18x250ml) #136328 Oat Drink Barista Edition#新舊包裝隨機發貨#BEST BEFORE 16,NOV,2026",OATLY!,250,18,ml,oat drink barista edition before nov,"OATLY! OATLY! - 原箱 行貨OATLY!細支裝咖啡師燕麥奶 原箱(18x250ml) #136328 Oat Drink Barista Edition#新舊包裝隨機發貨#BEST BEFORE 16,NOV,2026 250mlx18"
Unleash'd ORGANIC - Organic Tomato Powder 1LB(453g) Green Superfood Support Nutrient-Dense Supplement,UNLEASH'D ORGANIC,1,1,lb,organic tomato powder lbg green superfood support nutrientdense supplement,UNLEASH'D ORGANIC Unleash'd ORGANIC - Organic Tomato Powder 1LB(453g) Green Superfood Support Nutrient-Dense Supplement 1lbx1
SANGARIA - SANGARIA [Japan Green Tea] Your Strong Green Tea Sugarless Bottle – 6 Bottles x 500ml,SANGARIA,500,6,ml,japan green tea your strong green tea sugarless    s x,SANGARIA SANGARIA - SANGARIA [Japan Green Tea] Your Strong Green Tea Sugarless Bottle – 6 Bottles x 500ml 500mlx6
Fontana - [Full Case] Red Guava Juice - 1L x 12,FONTANA,1,12,l,red guava juice   x,FONTANA Fontana - [Full Case] Red Guava Juice - 1L x 12 1lx12
Perrier - Perrier Paris Natural Mineral Water (Canned) -12x330 ml Gas Parallel Imported,PERRIER,330,12,ml,paris natural mineral water canned x  gas  ed,PERRIER Perrier - Perrier Paris Natural Mineral Water (Canned) -12x330 ml Gas Parallel Imported 330mlx12
"Fever Tree - Fever Tree Light Elderflower Tonic Water Mini Can - Full Case 150ml (Expiry Date: Oct,2026)",FEVER TREE,150,24,ml,light elderflower tonic water mini can      date oct,"FEVER TREE Fever Tree - Fever Tree Light Elderflower Tonic Water Mini Can - Full Case 150ml (Expiry Date: Oct,2026) 150mlx24"
"果子熟了 - Fruit Ripe -Osmanthus Oolong Tea (Bottled) 15x500ml [Original Box] - 0 Sugar, 0 Fat, 0 Carb",FRUIT RIPE,500,15,ml,osmanthus oolong tea d  original box   sugar  fat  carb,"FRUIT RIPE 果子熟了 - Fruit Ripe -Osmanthus Oolong Tea (Bottled) 15x500ml [Original Box] - 0 Sugar, 0 Fat, 0 Carb 500mlx15"
KIRIN - Kirin [Japan Green Tea]-Zero Caffeine Nama-Cha Green Tea Bottled - Full Case 430ml / Parallel Import,KIRIN,430,24,ml,japan green teazero caffeine namacha green tea d,KIRIN KIRIN - Kirin [Japan Green Tea]-Zero Caffeine Nama-Cha Green Tea Bottled - Full Case 430ml / Parallel Import 430mlx24
KIRIN - Fire Coffee Black coffee x 30,KIRIN,185,30,g,fire coffee black coffee x,KIRIN KIRIN - Fire Coffee Black coffee x 30 185gx30
Suntory - 三得利 Tokucha iemon Premium Green Tea 1000ml x 2 賞味期限：2026年11月30日,SUNTORY,1000,2,ml,tokucha iemon premium green tea,SUNTORY Suntory - 三得利 Tokucha iemon Premium Green Tea 1000ml x 2 賞味期限：2026年11月30日 1000mlx2
vida - Vitamin C Kiwi Flavor Low Sugar Sparkling Water 325MLX4  #Soda #No Sugar #Tonic Water #Fitness,VIDA,325,4,ml,vitamin c kiwi flavor low sugar sparkling water     sugar  water,VIDA vida - Vitamin C Kiwi Flavor Low Sugar Sparkling Water 325MLX4  #Soda #No Sugar #Tonic Water #Fitness 325mlx4
TAYLOR - 原箱 TAYLOR泰勒 Deep Water Prune 西梅 原箱  (24x180ml) #0543602 딥워터 - 푸룬,TAYLOR,180,24,ml,deep water prune,TAYLOR TAYLOR - 原箱 TAYLOR泰勒 Deep Water Prune 西梅 原箱  (24x180ml) #0543602 딥워터 - 푸룬 180mlx24
Teisseire - Hazelnut Syrup｜No.1 in France｜Made in France,TEISSEIRE,700,1,ml,hazelnut syrupno in francemade in france,TEISSEIRE Teisseire - Hazelnut Syrup｜No.1 in France｜Made in France 700mlx1
可口可樂 - Coca-Cola No Sugar - Full case (2L) x 8,COCA COLA,2,8,l,cocacola no sugar     x,COCA COLA 可口可樂 - Coca-Cola No Sugar - Full case (2L) x 8 2lx8
"Nongfu Spring - Nongfu Spring Natural Water (Hong Kong version, official import) (Original case) 24 x 380ml",NONGFU SPRING,380,24,ml,natural water hong kong version official  original   x,"NONGFU SPRING Nongfu Spring - Nongfu Spring Natural Water (Hong Kong version, official import) (Original case) 24 x 380ml 380mlx24"
奈雪的茶 - Nayuki Lemon Tea Drink Low Sugar 250ml x 12 - Parallel Import,NAIXUE'S TEA,250,12,ml,nayuki lemon tea drink low sugar  x,NAIXUE'S TEA 奈雪的茶 - Nayuki Lemon Tea Drink Low Sugar 250ml x 12 - Parallel Import 250mlx12
Vita - Vita - Full Case Lemon Tea (330ml) x 24,VITA,330,24,ml,lemon tea  x,VITA Vita - Vita - Full Case Lemon Tea (330ml) x 24 330mlx24
Sanitarium - 原箱 澳洲Sanitarium So Good Soy Milk 荳奶(原味) 原箱 12x1L #52510223 SO GOOD Soy Milk (Regular),SANITARIUM,1,12,l,so good soy milk     so good soy milk regular,SANITARIUM Sanitarium - 原箱 澳洲Sanitarium So Good Soy Milk 荳奶(原味) 原箱 12x1L #52510223 SO GOOD Soy Milk (Regular) 1lx12
Schweppes - 原箱 Schweppes Lemonade Soda玉泉有氣檸檬水(藍黃色罐) 原箱(迷你罐-24x200ml)#08893867Old/New packing random distribution,SCHWEPPES,200,24,ml,lemonade soda    distribution,SCHWEPPES Schweppes - 原箱 Schweppes Lemonade Soda玉泉有氣檸檬水(藍黃色罐) 原箱(迷你罐-24x200ml)#08893867Old/New packing random distribution 200mlx24
cocoxim - Organic Pure Coconut Water (330ml) x12,COCOXIM,330,12,ml,organic pure coconut water  x,COCOXIM cocoxim - Organic Pure Coconut Water (330ml) x12 330mlx12
SANLIN - SANLIN 100% Thai Coconut Water 1L #NoAdd#NotFromConcentrate ReadyToDrink ParallelImport,SANLIN,1,1,l,thai coconut water   readytodrink,SANLIN SANLIN - SANLIN 100% Thai Coconut Water 1L #NoAdd#NotFromConcentrate ReadyToDrink ParallelImport 1lx1
watsons - Watsons soda water - full case (330ml x 4s) x 6p,WATSONS,330,4,ml,soda water     x p,WATSONS watsons - Watsons soda water - full case (330ml x 4s) x 6p 330mlx4
Black & White - [Full Case] Full Cream Milk 1L (Expiry Date: 16/11/2026),BLACK & WHITE,1,12,l,cream milk   date,BLACK & WHITE Black & White - [Full Case] Full Cream Milk 1L (Expiry Date: 16/11/2026) 1lx12
San Pellegrino - 行貨 意大利San Pellegrino有汽天然礦泉水(膠樽) 原箱 12x1000ml Mineral Sparkling Water新舊包裝隨機發貨,SAN PELLEGRINO,1000,12,ml,mineral sparkling water,SAN PELLEGRINO San Pellegrino - 行貨 意大利San Pellegrino有汽天然礦泉水(膠樽) 原箱 12x1000ml Mineral Sparkling Water新舊包裝隨機發貨 1000mlx12
Quest - QUEST Coffee Flavor High Protein Milkshake 325ML*4 | Low Sugar and Carb | | Non-GMO BBF:  15/12/2026,QUEST,325,4,ml,coffee flavor high protein milkshake   low sugar and carb   nongmo bbf,QUEST Quest - QUEST Coffee Flavor High Protein Milkshake 325ML*4 | Low Sugar and Carb | | Non-GMO BBF:  15/12/2026 325mlx4
Sarsae - [Full case] Soft Drink (330ml x 24),SARSAE,330,24,ml,soft drink,SARSAE Sarsae - [Full case] Soft Drink (330ml x 24) 330mlx24
SANGARIA - Japan Sangaria Original (Sugarless) Black Coffee Bottled - Full Case 260gm/ Parallel Import,SANGARIA,260,24,gm,japan  original sugarless black coffee d,SANGARIA SANGARIA - Japan Sangaria Original (Sugarless) Black Coffee Bottled - Full Case 260gm/ Parallel Import 260gmx24
D&J - Brown Sugar Ginger Tea x 6 (Bundle offer),D&J,250,1,g,brown sugar ginger tea x  bundle offer,D&J D&J - Brown Sugar Ginger Tea x 6 (Bundle offer) 250gx1
Suntory -  Japan Silky Boss Drip Low Sugar Coffee Bottled -6 Bottles x 360gm - Suntory / Parallel Import,SUNTORY,360,6,gm,japan silky boss drip low sugar coffee d  s x,SUNTORY Suntory -  Japan Silky Boss Drip Low Sugar Coffee Bottled -6 Bottles x 360gm - Suntory / Parallel Import 360gmx6
CR C'ESTBON - C'estbon Drinking Pure Water (Hong Kong version) (Original case) 24 x 555ml,CR C'ESTBON,555,24,ml,cestbon drinking pure water hong kong version original   x,CR C'ESTBON CR C'ESTBON - C'estbon Drinking Pure Water (Hong Kong version) (Original case) 24 x 555ml 555mlx24
La Manna - 《SET#3PCS》Organic Rice Milk(Original) 180ml x 3PCS,LA MANNA,180,3,ml,set rice milkoriginal  x pcs,LA MANNA La Manna - 《SET#3PCS》Organic Rice Milk(Original) 180ml x 3PCS 180mlx3
"LDC - [Japanese Tea] LDC Black Oolong Tea No Sugar (Bottle) – Full Case 500ml, Parallel Import",LDC,500,24,ml,japanese tea  black oolong tea no sugar,"LDC LDC - [Japanese Tea] LDC Black Oolong Tea No Sugar (Bottle) – Full Case 500ml, Parallel Import 500mlx24"
Asahi - Asahi [Japan Coffee]-Wonda Koku-No-Fukami Low Sugar Coffee Bottled - 6 Bottles x 370gm,ASAHI,370,6,gm,japan coffeewonda kokunofukami low sugar coffee d   s x,ASAHI Asahi - Asahi [Japan Coffee]-Wonda Koku-No-Fukami Low Sugar Coffee Bottled - 6 Bottles x 370gm 370gmx6
Lucozade - Lucozade - Full Case Energy Drink-Orange Flavour (325ml ) x 24,LUCOZADE,325,24,ml,energy drinkorange flavour   x,LUCOZADE Lucozade - Lucozade - Full Case Energy Drink-Orange Flavour (325ml ) x 24 325mlx24
ITO EN - Health Mineral Barley Tea 650ml x 24,ITO EN,650,24,ml,health mineral barley tea,ITO EN ITO EN - Health Mineral Barley Tea 650ml x 24 650mlx24
Sensa Cools - Herbal Lemon Tea_Full Case (350ml) x 24,SENSA COOLS,350,24,ml,herbal lemon tea_   x,SENSA COOLS Sensa Cools - Herbal Lemon Tea_Full Case (350ml) x 24 350mlx24
Remedy Drinks - SODALY Passionfruit flavor Prebiotic ACV Carbonated water drinks (250ml x 4),REMEDY DRINKS,250,4,ml,sodaly passionfruit flavor prebiotic acv carbonated water drinks  x,REMEDY DRINKS Remedy Drinks - SODALY Passionfruit flavor Prebiotic ACV Carbonated water drinks (250ml x 4) 250mlx4
Vitasoy - Vitasoy - Oat Chocolate Oat Milk (250ml x 6 ) x 4,VITASOY,250,6,ml,oat chocolate oat milk   x,VITASOY Vitasoy - Vitasoy - Oat Chocolate Oat Milk (250ml x 6 ) x 4 250mlx6
marusan - Organic Pure Soy Milk Paper Pack 2x1L- Marusan 丸山 Japan Made Soy Milk,MARUSAN,1,2,l,organic pure soy milk paper pack xl   japan made soy milk,MARUSAN marusan - Organic Pure Soy Milk Paper Pack 2x1L- Marusan 丸山 Japan Made Soy Milk 1lx2
Vitasoy - Vitasoy - Full Case Soya Bean Milk 250ml (250ml x 6 ) x 4,VITASOY,250,6,ml,soya bean milk    x,VITASOY Vitasoy - Vitasoy - Full Case Soya Bean Milk 250ml (250ml x 6 ) x 4 250mlx6
SINGHA - [Full Case] Singha - UME Lemon Soda Water - Zero Sugar / 0 Cal. - 330ml x 24 (綠色),SINGHA,330,24,ml,ume lemon soda water  zero sugar   cal,SINGHA SINGHA - [Full Case] Singha - UME Lemon Soda Water - Zero Sugar / 0 Cal. - 330ml x 24 (綠色) 330mlx24
Vita - Vita - Full Case Cold Brew No Sugar Tea - Jasmine Tea (250ml x6) x 4 (Random Packing),VITA,250,6,ml,cold brew no sugar tea  jasmine tea  x x,VITA Vita - Vita - Full Case Cold Brew No Sugar Tea - Jasmine Tea (250ml x6) x 4 (Random Packing) 250mlx6
Asahi - Asahi [Full Case] Lipolysis Olong Tea 2L x 6 4514603307818 expiry 2026/10,ASAHI,2,6,l,lipolysis olong tea,ASAHI Asahi - Asahi [Full Case] Lipolysis Olong Tea 2L x 6 4514603307818 expiry 2026/10 2lx6
"Kirkland - 原箱 6盒裝美國Kirkland有機無糖杏仁奶(雲呢拿味) 原箱 6x946ml#3008 Organic UNSWEETENED Almond Drink #EXP: 2,FEB,2027",KIRKLAND,946,6,ml,organic unsweetened almond drink  feb,"KIRKLAND Kirkland - 原箱 6盒裝美國Kirkland有機無糖杏仁奶(雲呢拿味) 原箱 6x946ml#3008 Organic UNSWEETENED Almond Drink #EXP: 2,FEB,2027 946mlx6"
Bonaqua - Bonaqua - Mineralized Water - full case Label-less (600ml x 24P),BONAQUA,600,24,ml,mineralized water    labelless p,BONAQUA Bonaqua - Bonaqua - Mineralized Water - full case Label-less (600ml x 24P) 600mlx24
Red Bull - Red Bull Energy Drink Golden Can - Original Case 24x250ml 【Parallel Import - Random Packing】,RED BULL,250,24,ml,energy drink golden can  original,RED BULL Red Bull - Red Bull Energy Drink Golden Can - Original Case 24x250ml 【Parallel Import - Random Packing】 250mlx24
S.Bernardo - San Bernardo Still Natural Mineral Water [Original Case] 12x1L - Parallel Import from Italy,S.BERNARDO,1,12,l,san bernardo still natural mineral water original  xl    from italy,S.BERNARDO S.Bernardo - San Bernardo Still Natural Mineral Water [Original Case] 12x1L - Parallel Import from Italy 1lx12
Pokka  Sapporo - Chelated Lemon Drinks 2700 Citric Acid 155ml x 24 (Full Case),POKKA  SAPPORO,155,24,ml,chelated lemon drinks  citric acid,POKKA  SAPPORO Pokka  Sapporo - Chelated Lemon Drinks 2700 Citric Acid 155ml x 24 (Full Case) 155mlx24
Fever Tree - Fever Tree Light Mediterranean Tonic Water (Blue Bottle) 8 x 150ml - Parallel Import EXP:2026-10-30,FEVER TREE,150,8,ml,light mediterranean tonic water blue   x     exp,FEVER TREE Fever Tree - Fever Tree Light Mediterranean Tonic Water (Blue Bottle) 8 x 150ml - Parallel Import EXP:2026-10-30 150mlx8
Asahi - Dry Zero Beer 350ml x3 (#029991_3) (Parallel Import),ASAHI,350,3,ml,dry zero beer,ASAHI Asahi - Dry Zero Beer 350ml x3 (#029991_3) (Parallel Import) 350mlx3
Heineken - Heineken - Heineken Beer Canned-Full Case (330ml x 6cans) x 4 Random packaging,HEINEKEN,330,6,ml,beer canned   x cans x,HEINEKEN Heineken - Heineken - Heineken Beer Canned-Full Case (330ml x 6cans) x 4 Random packaging 330mlx6
Vittel - Vittel Natural Mineral Water (France) 500ml x 24-Pack | Rich in Calcium & Magnesium-Parallel Import,VITTEL,500,24,ml,natural mineral water france  x pack  rich in calcium  magnesium,VITTEL Vittel - Vittel Natural Mineral Water (France) 500ml x 24-Pack | Rich in Calcium & Magnesium-Parallel Import 500mlx24
San Pellegrino - San Pellegrino Sparkling Mineral Water 6x500ml  (plastic bottle) Random Packing,SAN PELLEGRINO,500,6,ml,sparkling mineral water   plastic,SAN PELLEGRINO San Pellegrino - San Pellegrino Sparkling Mineral Water 6x500ml  (plastic bottle) Random Packing 500mlx6
vida - Vitamin C Blackcurrant Flavor Low Sugar Sparkling Water 325MLX4#Soda #No Sugar #Tonic Water #Fitness,VIDA,325,4,ml,vitamin c blackcurrant flavor low sugar sparkling water   sugar  water,VIDA vida - Vitamin C Blackcurrant Flavor Low Sugar Sparkling Water 325MLX4#Soda #No Sugar #Tonic Water #Fitness 325mlx4
Sant'Anna - 原箱 意大利Sant'Anna天然礦泉水 NATURALE MINERAL WATER 原箱 ( 大支裝 -6x1.5L)#1810001 #Random for old/new packaging,SANT'ANNA,5,6,l,naturale mineral water      for oldnew,SANT'ANNA Sant'Anna - 原箱 意大利Sant'Anna天然礦泉水 NATURALE MINERAL WATER 原箱 ( 大支裝 -6x1.5L)#1810001 #Random for old/new packaging 5lx6
HUNG FOOK TONG - [Full box 24 bottles] Oatmeal SoyMilk (500mlx24)[原箱24樽] 燕麥豆乳(500ml x 24) BBF:8-1-27,HUNG FOOK TONG,500,24,ml,box  s oatmeal soymilk mlx  bbf,HUNG FOOK TONG HUNG FOOK TONG - [Full box 24 bottles] Oatmeal SoyMilk (500mlx24)[原箱24樽] 燕麥豆乳(500ml x 24) BBF:8-1-27 500mlx24
ITO EN - Japan ITO EN Tully's Barista's Sugarless Café Latte Bottled – 6 Bottles x 370ml/ Parallel Import,ITO EN,370,6,ml,japan  tullys baristas sugarless caf latte d   s x,ITO EN ITO EN - Japan ITO EN Tully's Barista's Sugarless Café Latte Bottled – 6 Bottles x 370ml/ Parallel Import 370mlx6
SANGARIA - SANGARIA Top Class Tea-Leaf Ginpo100% ( Jasmine Tea ) Bottled 6x500ml,SANGARIA,500,6,ml,top class tealeaf ginpo  jasmine tea  d,SANGARIA SANGARIA - SANGARIA Top Class Tea-Leaf Ginpo100% ( Jasmine Tea ) Bottled 6x500ml 500mlx6
Vitasoy - Vitasoy - Full Case Low Sugar Soya Bean Milk 250ml (250ml x 6 ) x 4,VITASOY,250,6,ml,low sugar soya bean milk    x,VITASOY Vitasoy - Vitasoy - Full Case Low Sugar Soya Bean Milk 250ml (250ml x 6 ) x 4 250mlx6
Volvic - [Dealer's Goods of HK] [Full Case]  France Natural Mineral Water Sports Cap (750mL X 12),VOLVIC,750,12,ml,dealers goods of hk    france natural mineral water sports cap,VOLVIC Volvic - [Dealer's Goods of HK] [Full Case]  France Natural Mineral Water Sports Cap (750mL X 12) 750mlx12
KIRIN - Afternoon Tea Non sugar Milk Tea x 24,KIRIN,500,24,ml,afternoon tea non sugar milk tea x,KIRIN KIRIN - Afternoon Tea Non sugar Milk Tea x 24 500mlx24
Teisseire - Elderflower Syrup｜No.1 in France｜Made in France,TEISSEIRE,700,1,ml,elderflower syrupno in francemade in france,TEISSEIRE Teisseire - Elderflower Syrup｜No.1 in France｜Made in France 700mlx1
Vita - Vita - Full Case Guava Juice (250ml x 6 ) x 4,VITA,250,6,ml,guava juice   x,VITA Vita - Vita - Full Case Guava Juice (250ml x 6 ) x 4 250mlx6
Wakasho - Gel lemon flavored Chia Seed Konjac juice Jelly healthy snack  (10 packs) parallel import,WAKASHO,175,1,g,gel lemon flavored chia seed konjac juice jelly healthy snack   packs,WAKASHO Wakasho - Gel lemon flavored Chia Seed Konjac juice Jelly healthy snack  (10 packs) parallel import 175gx1
"LDC - [Japanese Tea] LDC Jasmine Tea No Sugar & Caffeine-Free (Bottle) – 6 Bottles x 500ml,Parallel Import",LDC,500,6,ml,japanese tea  jasmine tea no sugar  caffeinefree    s x,"LDC LDC - [Japanese Tea] LDC Jasmine Tea No Sugar & Caffeine-Free (Bottle) – 6 Bottles x 500ml,Parallel Import 500mlx6"
SINGHA - Singha Original Glass Bottle Soda Water - 8x 325mls - Parallel Imported,SINGHA,325,8,ml,original glass  soda water  x mls   ed,SINGHA SINGHA - Singha Original Glass Bottle Soda Water - 8x 325mls - Parallel Imported 325mlx8
Pepsi - PEPSI ZERO SUGAR 330ML x 24 Cans,PEPSI,330,24,ml,zero sugar cans,PEPSI Pepsi - PEPSI ZERO SUGAR 330ML x 24 Cans 330mlx24
VOSS - VOSS - Norway Voss Sparkling Natural Mineral Water (Large Glass Bottle) Original Case 12x800ml,VOSS,800,12,ml,norway  sparkling natural mineral water large glass  original  xml,VOSS VOSS - VOSS - Norway Voss Sparkling Natural Mineral Water (Large Glass Bottle) Original Case 12x800ml 800mlx12
S.Pellegrino - San Pellegrino Italian natural mineral water with gas -6x 500 ml,S.PELLEGRINO,500,6,ml,san pellegrino italian natural mineral water with gas x,S.PELLEGRINO S.Pellegrino - San Pellegrino Italian natural mineral water with gas -6x 500 ml 500mlx6
TW - [Full Case] All in One Instant Sumiyaki Coffee,TW,14,12,g,all in one instant sumiyaki coffee,TW TW - [Full Case] All in One Instant Sumiyaki Coffee 14gx12
Suntory - All-Free Non-Alcoholic Weight Loss Beer 350ml x3 (#331358_3)(Random Delivery),SUNTORY,350,3,ml,allfree nonalcoholic weight loss beer,SUNTORY Suntory - All-Free Non-Alcoholic Weight Loss Beer 350ml x3 (#331358_3)(Random Delivery) 350mlx3
Remedy Drinks - SODALY Yuzu Lemon 250mlx4,REMEDY DRINKS,250,4,ml,sodaly yuzu lemon mlx,REMEDY DRINKS Remedy Drinks - SODALY Yuzu Lemon 250mlx4 250mlx4
加多寶 - Jia Duo Bao Herbal Tea Canned - Full case 310ml (Random Packing),JIA DUO BAO,310,24,ml,herbal tea canned,JIA DUO BAO 加多寶 - Jia Duo Bao Herbal Tea Canned - Full case 310ml (Random Packing) 310mlx24
Suntory - 三得利 Goma Mugicha Tea 1050ml x 12 (Full Case),SUNTORY,1050,12,ml,goma mugicha tea,SUNTORY Suntory - 三得利 Goma Mugicha Tea 1050ml x 12 (Full Case) 1050mlx12
COOL Water - [Full Case] Purified Water (5L X 4),COOL WATER,5,4,l,purified water,COOL WATER COOL Water - [Full Case] Purified Water (5L X 4) 5lx4
SANGARIA - [Japan Made]-Popping Grape Soda Mini Can - Full Case 250ml Parallel Import,SANGARIA,250,30,ml,japan madepopping grape soda mini can,SANGARIA SANGARIA - [Japan Made]-Popping Grape Soda Mini Can - Full Case 250ml Parallel Import 250mlx30
Fever Tree - ELDERFLOWER TONIC WATER 200ml * 24 bottles (Full case),FEVER TREE,200,24,ml,elderflower tonic water    s,FEVER TREE Fever Tree - ELDERFLOWER TONIC WATER 200ml * 24 bottles (Full case) 200mlx24
Fontana - [Full Case] Cranberry Juice - 1L x 12 bottles,FONTANA,1,12,l,cranberry juice   x  s,FONTANA Fontana - [Full Case] Cranberry Juice - 1L x 12 bottles 1lx12
